{
  "layer_1": {
    "loss": 0.6772819498380026,
    "loss_std": 0.0005037023211748375,
    "metric": 0.5710671737536657,
    "metric_std": 0.0029078814454306027,
    "cka": 0.010093357724448046,
    "cka_std": 0.001166210185523917,
    "mknn": 0.040018717447916664,
    "mknn_std": 0.0003748682815081437,
    "svcca": 0.10984632748797508,
    "svcca_std": 0.002306955346201787,
    "procrustes": 3.521904389063517,
    "procrustes_std": 0.03491795269544548
  },
  "layer_2": {
    "loss": 0.6794334506988525,
    "loss_std": 0.0013703597119633806,
    "metric": 0.5840060636608015,
    "metric_std": 0.001139126885604392,
    "cka": 0.028282647331555683,
    "cka_std": 0.005939051920541677,
    "mknn": 0.044474283854166664,
    "mknn_std": 0.0003630893615229237,
    "svcca": 0.12775386206485614,
    "svcca_std": 0.0019513641401871624,
    "procrustes": 4.257126808166504,
    "procrustes_std": 0.06150957962716671
  },
  "layer_3": {
    "loss": 0.7019413953622182,
    "loss_std": 0.0031285557615044544,
    "metric": 0.6134737750488759,
    "metric_std": 0.0017103412955924635,
    "cka": 0.02542896879216035,
    "cka_std": 0.005750060570808068,
    "mknn": 0.044698079427083336,
    "mknn_std": 0.0008224032768313695,
    "svcca": 0.12507037240394933,
    "svcca_std": 0.0047575321729189145,
    "procrustes": 5.605841636657715,
    "procrustes_std": 0.14766154956067182
  },
  "layer_4": {
    "loss": 0.689696949005127,
    "loss_std": 0.0031850310930206264,
    "metric": 0.6317876344086021,
    "metric_std": 0.0023800394366965774,
    "cka": 0.03295372178157171,
    "cka_std": 0.0074188872256125875,
    "mknn": 0.043467203776041664,
    "mknn_std": 0.0003213616739691429,
    "svcca": 0.13783029266697155,
    "svcca_std": 0.00597310294420426,
    "procrustes": 6.410498301188151,
    "procrustes_std": 0.19597115377503285
  },
  "layer_5": {
    "loss": 0.7504615283012389,
    "loss_std": 0.006103085917977593,
    "metric": 0.6448069403714566,
    "metric_std": 0.002708166128824118,
    "cka": 0.03476416257520517,
    "cka_std": 0.0072924195580197915,
    "mknn": 0.044911702473958336,
    "mknn_std": 0.0007066794609764977,
    "svcca": 0.11926738409585332,
    "svcca_std": 0.0033744152948785274,
    "procrustes": 9.212318738301596,
    "procrustes_std": 0.321361723559587
  },
  "layer_6": {
    "loss": 0.8682216730117798,
    "loss_std": 0.007798468907441666,
    "metric": 0.6545232313049854,
    "metric_std": 0.002801511045290003,
    "cka": 0.031730674828092255,
    "cka_std": 0.007774083973940578,
    "mknn": 0.044230143229166664,
    "mknn_std": 0.0007928046780761196,
    "svcca": 0.12712418511304188,
    "svcca_std": 0.009746412098703921,
    "procrustes": 13.315121014912924,
    "procrustes_std": 0.23243507487481616
  },
  "layer_7": {
    "loss": 0.8823810799121857,
    "loss_std": 0.030002929807786512,
    "metric": 0.7034934017595308,
    "metric_std": 0.0031015337415272732,
    "cka": 0.38356460134188336,
    "cka_std": 0.035324136390585355,
    "mknn": 0.19249471028645834,
    "mknn_std": 0.009577831679377142,
    "svcca": 0.49980936418157257,
    "svcca_std": 0.0038644570913138705,
    "procrustes": 18.65041732788086,
    "procrustes_std": 0.4007436597083896
  },
  "layer_8": {
    "loss": 1.1689125567277272,
    "loss_std": 0.06927479884668701,
    "metric": 0.744502688172043,
    "metric_std": 0.0035474282648119498,
    "cka": 0.2431036780277888,
    "cka_std": 0.12352114262039401,
    "mknn": 0.16556803385416666,
    "mknn_std": 0.008192983039474971,
    "svcca": 0.42512818353537135,
    "svcca_std": 0.014948902223967329,
    "procrustes": 26.758378346761067,
    "procrustes_std": 0.12697036711217766
  },
  "layer_9": {
    "loss": 1.6005049789746604,
    "loss_std": 0.12582002265439046,
    "metric": 0.7502552236070382,
    "metric_std": 0.0033588051616495846,
    "cka": 0.33998266855875653,
    "cka_std": 0.006239868419881911,
    "mknn": 0.15581258138020834,
    "mknn_std": 0.006806735076565193,
    "svcca": 0.457036123663511,
    "svcca_std": 0.013768014241741827,
    "procrustes": 24.922009150187176,
    "procrustes_std": 0.5046071827043825
  },
  "layer_10": {
    "loss": 1.7566268575191497,
    "loss_std": 0.20017042710482905,
    "metric": 0.7493551441837732,
    "metric_std": 0.0038497854476255457,
    "cka": 0.26577329635620117,
    "cka_std": 0.019974914234128855,
    "mknn": 0.14684041341145834,
    "mknn_std": 0.00614449203531511,
    "svcca": 0.44291382433857435,
    "svcca_std": 0.019957430105678364,
    "procrustes": 26.723370869954426,
    "procrustes_std": 0.17375517035765697
  },
  "layer_11": {
    "loss": 1.7713577255209287,
    "loss_std": 0.1371040956761756,
    "metric": 0.7476118798875856,
    "metric_std": 0.002239443859951419,
    "cka": 0.2325595865646998,
    "cka_std": 0.024496613872341023,
    "mknn": 0.13737996419270834,
    "mknn_std": 0.006327785461903209,
    "svcca": 0.431642580583679,
    "svcca_std": 0.01881949305312148,
    "procrustes": 27.68640645345052,
    "procrustes_std": 0.24262737938206938
  },
  "layer_12": {
    "loss": 2.108300923585892,
    "loss_std": 0.16038381932509946,
    "metric": 0.7428135691593353,
    "metric_std": 0.0024536857866821185,
    "cka": 0.21983777980009714,
    "cka_std": 0.026283374867239865,
    "mknn": 0.137451171875,
    "mknn_std": 0.009538000405409364,
    "svcca": 0.41613244476217554,
    "svcca_std": 0.041530083476540025,
    "procrustes": 26.21206283569336,
    "procrustes_std": 0.0832868108885839
  }
}