{
  "layer_1": {
    "loss": 0.24954263289128578,
    "loss_std": 0.0008300438100018727,
    "metric": 0.07563516910661344,
    "metric_std": 0.0014147415799885862,
    "cka": 0.015295801994701227,
    "cka_std": 0.0014665475854242086,
    "mknn": 0.032877604166666664,
    "mknn_std": 0.0010810672277228447,
    "svcca": 0.09940504846698617,
    "svcca_std": 0.00560831661919888,
    "procrustes": 2.4016589323679605,
    "procrustes_std": 0.04960439497578654
  },
  "layer_2": {
    "loss": 0.21718258446171168,
    "loss_std": 0.00048038193957543855,
    "metric": 0.21550925903719528,
    "metric_std": 0.0015145899143774089,
    "cka": 0.02531662955880165,
    "cka_std": 0.0005270593183269282,
    "mknn": 0.03485107421875,
    "mknn_std": 0.0001141863216178571,
    "svcca": 0.12215208203440259,
    "svcca_std": 0.0030449419496415674,
    "procrustes": 3.644282817840576,
    "procrustes_std": 0.05067998102439998
  },
  "layer_3": {
    "loss": 0.2006801164232641,
    "loss_std": 0.0005967605832772295,
    "metric": 0.3703162214352867,
    "metric_std": 0.0016012598366963384,
    "cka": 0.04204883550604185,
    "cka_std": 0.0007396854528161504,
    "mknn": 0.035441080729166664,
    "mknn_std": 0.00014168689246810015,
    "svcca": 0.14438549937674952,
    "svcca_std": 0.003332987568743693,
    "procrustes": 5.106901486714681,
    "procrustes_std": 0.0010590135216947676
  },
  "layer_4": {
    "loss": 0.19541492305135214,
    "loss_std": 0.00020570473893786768,
    "metric": 0.4326133691250967,
    "metric_std": 0.00041779027191767807,
    "cka": 0.043442765871683754,
    "cka_std": 0.0006911312913033937,
    "mknn": 0.037526448567708336,
    "mknn_std": 0.00039738006560515566,
    "svcca": 0.14362987746338443,
    "svcca_std": 0.005213923629191977,
    "procrustes": 5.80847183863322,
    "procrustes_std": 0.04006772780534033
  },
  "layer_5": {
    "loss": 0.1970231326814804,
    "loss_std": 0.00036516633392570116,
    "metric": 0.4945437909153711,
    "metric_std": 0.0031941866978536814,
    "cka": 0.05653428783019384,
    "cka_std": 0.002468544885499324,
    "mknn": 0.03759765625,
    "mknn_std": 0.0005390479044389556,
    "svcca": 0.15205897003472366,
    "svcca_std": 0.0003004615216234776,
    "procrustes": 9.586317380269369,
    "procrustes_std": 0.07454494090945812
  },
  "layer_6": {
    "loss": 0.19715307733064055,
    "loss_std": 0.00045657864210379924,
    "metric": 0.5093313813393264,
    "metric_std": 0.0008725589631722951,
    "cka": 0.05933089802662531,
    "cka_std": 0.00305527595306896,
    "mknn": 0.040700276692708336,
    "mknn_std": 0.00047365098986095443,
    "svcca": 0.15984686526191227,
    "svcca_std": 0.0032664517350244338,
    "procrustes": 14.435686747233072,
    "procrustes_std": 0.1473674926162971
  },
  "layer_7": {
    "loss": 0.19903502443922647,
    "loss_std": 0.00036930456800534045,
    "metric": 0.5368633926749555,
    "metric_std": 0.0012762154221583842,
    "cka": 0.7822289069493612,
    "cka_std": 0.010555063098985218,
    "mknn": 0.420013427734375,
    "mknn_std": 0.00559862416770929,
    "svcca": 0.7142485675355882,
    "svcca_std": 0.01076944435214905,
    "procrustes": 15.514413197835287,
    "procrustes_std": 0.46544206813395544
  },
  "layer_8": {
    "loss": 0.20087499049035817,
    "loss_std": 0.00011616337211389043,
    "metric": 0.539474771302569,
    "metric_std": 0.0029330891670521168,
    "cka": 0.41614163915316266,
    "cka_std": 0.01583325872686941,
    "mknn": 0.333221435546875,
    "mknn_std": 0.005759069404766956,
    "svcca": 0.752158187900451,
    "svcca_std": 0.00857731044277343,
    "procrustes": 17.327786763509113,
    "procrustes_std": 0.14819095219464826
  },
  "layer_9": {
    "loss": 0.20999093234722147,
    "loss_std": 0.0005384884966189719,
    "metric": 0.5311726018069857,
    "metric_std": 0.0008075435614734935,
    "cka": 0.7161222894986471,
    "cka_std": 0.0025977147340099926,
    "mknn": 0.4354451497395833,
    "mknn_std": 0.005045983082496702,
    "svcca": 0.7488163970761734,
    "svcca_std": 0.013417087536128126,
    "procrustes": 15.274001439412435,
    "procrustes_std": 0.15272804813367896
  },
  "layer_10": {
    "loss": 0.21526695936689363,
    "loss_std": 0.0017538854318369732,
    "metric": 0.5541512149538683,
    "metric_std": 0.000747896774326345,
    "cka": 0.7312040130297343,
    "cka_std": 0.01003690973991529,
    "mknn": 0.437774658203125,
    "mknn_std": 0.010883100649598812,
    "svcca": 0.7164099495560986,
    "svcca_std": 0.013582026222193799,
    "procrustes": 17.903896967569988,
    "procrustes_std": 0.24031329235957832
  },
  "layer_11": {
    "loss": 0.223939706492717,
    "loss_std": 0.0021870704044619064,
    "metric": 0.54823542130119,
    "metric_std": 0.005022507107717167,
    "cka": 0.6826275587081909,
    "cka_std": 0.019636529486767362,
    "mknn": 0.4520263671875,
    "mknn_std": 0.013559996291784138,
    "svcca": 0.7224604780230349,
    "svcca_std": 0.008836521768114194,
    "procrustes": 20.112701416015625,
    "procrustes_std": 0.41885206816574305
  },
  "layer_12": {
    "loss": 0.26375879379369876,
    "loss_std": 0.0028007392315707548,
    "metric": 0.5409213063127822,
    "metric_std": 0.0018054388885554813,
    "cka": 0.5475015441576639,
    "cka_std": 0.02540032740620849,
    "mknn": 0.4217529296875,
    "mknn_std": 0.012844021680608383,
    "svcca": 0.7008258270378197,
    "svcca_std": 0.003321363841164566,
    "procrustes": 25.862457911173504,
    "procrustes_std": 0.45241801634123135
  }
}