{
  "layer_1": {
    "loss": 1.5909247674323896,
    "loss_std": 0.020428946064496696,
    "metric": 0.7199250192965047,
    "metric_std": 0.002829915323985752,
    "cka": 0.007995715830475092,
    "cka_std": 0.001700011282257967,
    "mknn": 0.033467610677083336,
    "mknn_std": 0.0007101851267784448,
    "svcca": 0.09720949781138905,
    "svcca_std": 0.0008487501836703738,
    "procrustes": 3.9866671562194824,
    "procrustes_std": 0.10461730919588176
  },
  "layer_2": {
    "loss": 1.132247888274504,
    "loss_std": 0.020421565851523302,
    "metric": 0.7859006873231152,
    "metric_std": 0.0048058100132116355,
    "cka": 0.01875963310400645,
    "cka_std": 0.0010515494952714926,
    "mknn": 0.036458333333333336,
    "mknn_std": 0.000892983249810984,
    "svcca": 0.10870052217952723,
    "svcca_std": 0.0032458669000866853,
    "procrustes": 4.286176363627116,
    "procrustes_std": 0.025317213633022907
  },
  "layer_3": {
    "loss": 0.9485954360960863,
    "loss_std": 0.008361502399682225,
    "metric": 0.8138346748998421,
    "metric_std": 0.001125695066057536,
    "cka": 0.019959154228369396,
    "cka_std": 0.0002482695829175791,
    "mknn": 0.038045247395833336,
    "mknn_std": 0.00019985842594796244,
    "svcca": 0.11064111921152597,
    "svcca_std": 0.005024293071330519,
    "procrustes": 5.792613983154297,
    "procrustes_std": 0.048430537030916154
  },
  "layer_4": {
    "loss": 0.7835863284779815,
    "loss_std": 0.012880286729082015,
    "metric": 0.8337927739184768,
    "metric_std": 0.002933059483700523,
    "cka": 0.02395269088447094,
    "cka_std": 0.0006002089372870721,
    "mknn": 0.040201822916666664,
    "mknn_std": 0.0004245735016827231,
    "svcca": 0.10920323839062385,
    "svcca_std": 0.00578295021923963,
    "procrustes": 6.17758830388387,
    "procrustes_std": 0.025543058497077047
  },
  "layer_5": {
    "loss": 0.6928177748558749,
    "loss_std": 0.005798388875641062,
    "metric": 0.8488624251111846,
    "metric_std": 0.0007277167594083311,
    "cka": 0.03395297502477964,
    "cka_std": 0.0002574120409833698,
    "mknn": 0.043050130208333336,
    "mknn_std": 0.00042163862662888,
    "svcca": 0.11873091147473887,
    "svcca_std": 0.0022841119954541632,
    "procrustes": 8.508315722147623,
    "procrustes_std": 0.24845725101118854
  },
  "layer_6": {
    "loss": 0.6393932233461075,
    "loss_std": 0.0011503427755663906,
    "metric": 0.8514352923879884,
    "metric_std": 0.0031936904467568506,
    "cka": 0.04237950717409452,
    "cka_std": 0.0009481022220015169,
    "mknn": 0.044545491536458336,
    "mknn_std": 0.0012960293219916167,
    "svcca": 0.12251926741224335,
    "svcca_std": 0.008146661361179582,
    "procrustes": 12.470038731892904,
    "procrustes_std": 0.4823621451384104
  },
  "layer_7": {
    "loss": 0.5857519612085432,
    "loss_std": 0.014227827265584263,
    "metric": 0.8917925533869959,
    "metric_std": 0.0024029050066058416,
    "cka": 0.5035247206687927,
    "cka_std": 0.013694875988624795,
    "mknn": 0.278533935546875,
    "mknn_std": 0.011442341988622486,
    "svcca": 0.49874364727093257,
    "svcca_std": 0.022004806997822333,
    "procrustes": 13.690641403198242,
    "procrustes_std": 0.45582279631890904
  },
  "layer_8": {
    "loss": 0.6552659378991977,
    "loss_std": 0.018476223833776312,
    "metric": 0.9062373653839085,
    "metric_std": 0.001401527251438055,
    "cka": 0.49279171228408813,
    "cka_std": 0.02381196692458783,
    "mknn": 0.3633626302083333,
    "mknn_std": 0.011569082874936309,
    "svcca": 0.5401008586691977,
    "svcca_std": 0.017065059488604057,
    "procrustes": 17.342627843221027,
    "procrustes_std": 0.45068759705465145
  },
  "layer_9": {
    "loss": 0.895111442399871,
    "loss_std": 0.021903129495394517,
    "metric": 0.9033704561326129,
    "metric_std": 0.0013957318003490029,
    "cka": 0.5498985449473063,
    "cka_std": 0.009796082026053561,
    "mknn": 0.3891499837239583,
    "mknn_std": 0.006210425040525097,
    "svcca": 0.49779937963805776,
    "svcca_std": 0.029492337821411505,
    "procrustes": 19.974308013916016,
    "procrustes_std": 0.38259740059785236
  },
  "layer_10": {
    "loss": 1.2430223039485753,
    "loss_std": 0.0771479083342244,
    "metric": 0.9070459808137613,
    "metric_std": 0.002335621695198639,
    "cka": 0.5124801794687907,
    "cka_std": 0.004593628319083478,
    "mknn": 0.3752339680989583,
    "mknn_std": 0.006222310586308499,
    "svcca": 0.5068587280682948,
    "svcca_std": 0.022767614377220417,
    "procrustes": 20.133983612060547,
    "procrustes_std": 0.21972115507249337
  },
  "layer_11": {
    "loss": 2.060513694229434,
    "loss_std": 0.16888100202849599,
    "metric": 0.9069357150733266,
    "metric_std": 0.0009356358335250345,
    "cka": 0.49349312980969745,
    "cka_std": 0.0031784279796695154,
    "mknn": 0.3550821940104167,
    "mknn_std": 0.011904054965589031,
    "svcca": 0.440131020630151,
    "svcca_std": 0.003093017019859851,
    "procrustes": 20.66937764485677,
    "procrustes_std": 0.049788021739726386
  },
  "layer_12": {
    "loss": 2.87025821885441,
    "loss_std": 0.2275136873190277,
    "metric": 0.906421141617966,
    "metric_std": 0.0011400053235763729,
    "cka": 0.402444988489151,
    "cka_std": 0.007842140982500915,
    "mknn": 0.3387959798177083,
    "mknn_std": 0.007742501965126547,
    "svcca": 0.3601519130861324,
    "svcca_std": 0.000672001214486779,
    "procrustes": 24.27591069539388,
    "procrustes_std": 0.08528524105997383
  }
}