{
  "layer_1": {
    "loss": 0.24856214108554997,
    "metric": 0.0766965192485248,
    "mknn": 0.031768798828125,
    "cka": 0.010346057824790478,
    "svcca": 0.10974400055797862,
    "procrustes": 2.396184206008911
  },
  "layer_2": {
    "loss": 0.21533387367214477,
    "metric": 0.22867286168727863,
    "mknn": 0.0330810546875,
    "cka": 0.02239161729812622,
    "svcca": 0.12537225707630062,
    "procrustes": 3.6904120445251465
  },
  "layer_3": {
    "loss": 0.19878304039003664,
    "metric": 0.38188668022209316,
    "mknn": 0.035247802734375,
    "cka": 0.04007626324892044,
    "svcca": 0.14934272773194449,
    "procrustes": 5.407920837402344
  },
  "layer_4": {
    "loss": 0.19378626841004543,
    "metric": 0.45303259445859345,
    "mknn": 0.039794921875,
    "cka": 0.06111649051308632,
    "svcca": 0.1544798418726261,
    "procrustes": 6.197011470794678
  },
  "layer_5": {
    "loss": 0.19567188387092907,
    "metric": 0.4850810125536147,
    "mknn": 0.040374755859375,
    "cka": 0.05873412266373634,
    "svcca": 0.1541994781407135,
    "procrustes": 8.150463104248047
  },
  "layer_6": {
    "loss": 0.20124691951384743,
    "metric": 0.4980501618983004,
    "mknn": 0.039642333984375,
    "cka": 0.06249548867344856,
    "svcca": 0.15580788828454695,
    "procrustes": 11.550226211547852
  },
  "layer_7": {
    "loss": 0.20027779853014352,
    "metric": 0.5168928847886584,
    "mknn": 0.335174560546875,
    "cka": 0.6868780851364136,
    "svcca": 0.6347461041692151,
    "procrustes": 13.814859390258789
  },
  "layer_8": {
    "loss": 0.19896770131340774,
    "metric": 0.5276556384361842,
    "mknn": 0.433319091796875,
    "cka": 0.7375078201293945,
    "svcca": 0.7425718032350601,
    "procrustes": 17.459835052490234
  },
  "layer_9": {
    "loss": 0.2099295938344595,
    "metric": 0.5227058214949306,
    "mknn": 0.45672607421875,
    "cka": 0.7278957962989807,
    "svcca": 0.8078203613912363,
    "procrustes": 16.7963809967041
  },
  "layer_10": {
    "loss": 0.20891185849905014,
    "metric": 0.557076958233583,
    "mknn": 0.50494384765625,
    "cka": 0.776806116104126,
    "svcca": 0.8098669924283393,
    "procrustes": 16.381078720092773
  },
  "layer_11": {
    "loss": 0.21757142987394112,
    "metric": 0.5498578572982443,
    "mknn": 0.496795654296875,
    "cka": 0.7168159484863281,
    "svcca": 0.8297005912002566,
    "procrustes": 19.83279037475586
  },
  "layer_12": {
    "loss": 0.2542592820621306,
    "metric": 0.5358114610934464,
    "mknn": 0.444488525390625,
    "cka": 0.5604248046875,
    "svcca": 0.6982105972521622,
    "procrustes": 27.44085693359375
  }
}