{
  "layer_1": {
    "loss": 0.6727663302421569,
    "metric": 0.5813042980205279,
    "mknn": 0.039520263671875,
    "cka": 0.011059379205107689,
    "svcca": 0.13306636419538462,
    "procrustes": 3.682133197784424
  },
  "layer_2": {
    "loss": 0.6739542164802551,
    "metric": 0.5842911473607039,
    "mknn": 0.045989990234375,
    "cka": 0.05627915635704994,
    "svcca": 0.12904947705479847,
    "procrustes": 4.0852580070495605
  },
  "layer_3": {
    "loss": 0.7007804777622223,
    "metric": 0.6257927052785924,
    "mknn": 0.04632568359375,
    "cka": 0.05139654502272606,
    "svcca": 0.13454272718494567,
    "procrustes": 5.872973918914795
  },
  "layer_4": {
    "loss": 0.6873085510730743,
    "metric": 0.6308078262463344,
    "mknn": 0.04339599609375,
    "cka": 0.04104425385594368,
    "svcca": 0.11517588229833849,
    "procrustes": 6.5598955154418945
  },
  "layer_5": {
    "loss": 0.7361551501750946,
    "metric": 0.6428528225806451,
    "mknn": 0.041229248046875,
    "cka": 0.03851141780614853,
    "svcca": 0.1325833431775914,
    "procrustes": 8.304963111877441
  },
  "layer_6": {
    "loss": 0.8557471837997437,
    "metric": 0.6467395986070382,
    "mknn": 0.043426513671875,
    "cka": 0.03374393284320831,
    "svcca": 0.12192017122620721,
    "procrustes": 11.807947158813477
  },
  "layer_7": {
    "loss": 0.7880018467903137,
    "metric": 0.6716674303519061,
    "mknn": 0.186492919921875,
    "cka": 0.30083900690078735,
    "svcca": 0.526412266119773,
    "procrustes": 19.306522369384766
  },
  "layer_8": {
    "loss": 1.119956283569336,
    "metric": 0.7135181451612903,
    "mknn": 0.194671630859375,
    "cka": 0.33723217248916626,
    "svcca": 0.5667856052304223,
    "procrustes": 26.194032669067383
  },
  "layer_9": {
    "loss": 1.5758719029426576,
    "metric": 0.721304068914956,
    "mknn": 0.16162109375,
    "cka": 0.3029920756816864,
    "svcca": 0.48655236626782533,
    "procrustes": 29.60129737854004
  },
  "layer_10": {
    "loss": 1.7234932799339295,
    "metric": 0.7276058467741936,
    "mknn": 0.142974853515625,
    "cka": 0.3089294731616974,
    "svcca": 0.4231961820329665,
    "procrustes": 28.372726440429688
  },
  "layer_11": {
    "loss": 1.733184695959091,
    "metric": 0.7323332111436951,
    "mknn": 0.131011962890625,
    "cka": 0.2832506597042084,
    "svcca": 0.40339050026224976,
    "procrustes": 28.731748580932617
  },
  "layer_12": {
    "loss": 2.134973525047302,
    "metric": 0.7225238269794722,
    "mknn": 0.12017822265625,
    "cka": 0.2904866635799408,
    "svcca": 0.4128535463523216,
    "procrustes": 26.33298683166504
  }
}