{
  "layer_1": {
    "loss": 0.24903188611505217,
    "metric": 0.0766441922987805,
    "mknn": 0.03143310546875,
    "cka": 0.010507261380553246,
    "svcca": 0.10449715689420454,
    "procrustes": 2.4043214321136475
  },
  "layer_2": {
    "loss": 0.21733123647727176,
    "metric": 0.21455002902931003,
    "mknn": 0.03350830078125,
    "cka": 0.019950196146965027,
    "svcca": 0.11811262233311104,
    "procrustes": 3.6807241439819336
  },
  "layer_3": {
    "loss": 0.20031326720791479,
    "metric": 0.37550112404871383,
    "mknn": 0.03521728515625,
    "cka": 0.03942089155316353,
    "svcca": 0.14327642786005565,
    "procrustes": 5.323655605316162
  },
  "layer_4": {
    "loss": 0.1937935419621006,
    "metric": 0.45098353762988536,
    "mknn": 0.039337158203125,
    "cka": 0.052798204123973846,
    "svcca": 0.15186803844508207,
    "procrustes": 6.222959041595459
  },
  "layer_5": {
    "loss": 0.19542313796309282,
    "metric": 0.4834606508855902,
    "mknn": 0.03924560546875,
    "cka": 0.05276017263531685,
    "svcca": 0.1540478366775983,
    "procrustes": 8.157215118408203
  },
  "layer_6": {
    "loss": 0.2014694066915644,
    "metric": 0.4951064207811756,
    "mknn": 0.038421630859375,
    "cka": 0.04805738106369972,
    "svcca": 0.15288159826342543,
    "procrustes": 11.541217803955078
  },
  "layer_7": {
    "loss": 0.19986070740607478,
    "metric": 0.5183579187239655,
    "mknn": 0.313568115234375,
    "cka": 0.6182196736335754,
    "svcca": 0.6016221543374657,
    "procrustes": 14.211050987243652
  },
  "layer_8": {
    "loss": 0.20030866807094916,
    "metric": 0.5305431502558701,
    "mknn": 0.420257568359375,
    "cka": 0.7286829352378845,
    "svcca": 0.7116569607466599,
    "procrustes": 18.346567153930664
  },
  "layer_9": {
    "loss": 0.2095493365268004,
    "metric": 0.5298786456028445,
    "mknn": 0.443145751953125,
    "cka": 0.6850340962409973,
    "svcca": 0.7746464567072862,
    "procrustes": 18.41276741027832
  },
  "layer_10": {
    "loss": 0.20560409932092588,
    "metric": 0.5553509444548971,
    "mknn": 0.506195068359375,
    "cka": 0.7734403014183044,
    "svcca": 0.8115291206733135,
    "procrustes": 16.352684020996094
  },
  "layer_11": {
    "loss": 0.21643943720698905,
    "metric": 0.5475280589911936,
    "mknn": 0.501617431640625,
    "cka": 0.7392576932907104,
    "svcca": 0.8065354559861472,
    "procrustes": 19.223182678222656
  },
  "layer_12": {
    "loss": 0.2516690346365151,
    "metric": 0.538242319905475,
    "mknn": 0.454437255859375,
    "cka": 0.5577590465545654,
    "svcca": 0.7211868875939565,
    "procrustes": 26.524578094482422
  }
}