{
  "layer_1": {
    "loss": 0.6733245048522949,
    "metric": 0.5810593841642229,
    "mknn": 0.03961181640625,
    "cka": 0.00797634944319725,
    "svcca": 0.1195112270790114,
    "procrustes": 3.714956760406494
  },
  "layer_2": {
    "loss": 0.6740088682174683,
    "metric": 0.5859991293988269,
    "mknn": 0.045806884765625,
    "cka": 0.05069711431860924,
    "svcca": 0.13017083787504724,
    "procrustes": 4.053912162780762
  },
  "layer_3": {
    "loss": 0.7107570679187775,
    "metric": 0.6216339809384164,
    "mknn": 0.048004150390625,
    "cka": 0.0459887832403183,
    "svcca": 0.14083361697983016,
    "procrustes": 5.8529863357543945
  },
  "layer_4": {
    "loss": 0.6979790725708008,
    "metric": 0.6244496884164223,
    "mknn": 0.042205810546875,
    "cka": 0.03960298374295235,
    "svcca": 0.12596508444804091,
    "procrustes": 6.461612701416016
  },
  "layer_5": {
    "loss": 0.7434469621181488,
    "metric": 0.6435946664222874,
    "mknn": 0.040863037109375,
    "cka": 0.036114972084760666,
    "svcca": 0.12358641650571618,
    "procrustes": 8.171561241149902
  },
  "layer_6": {
    "loss": 0.8735623281002045,
    "metric": 0.6453340359237536,
    "mknn": 0.044586181640625,
    "cka": 0.036564651876688004,
    "svcca": 0.123501994052478,
    "procrustes": 11.766361236572266
  },
  "layer_7": {
    "loss": 0.7995865035057068,
    "metric": 0.6716080920087975,
    "mknn": 0.18011474609375,
    "cka": 0.317488431930542,
    "svcca": 0.5273395430574431,
    "procrustes": 19.612396240234375
  },
  "layer_8": {
    "loss": 1.0235893445014954,
    "metric": 0.7141962976539589,
    "mknn": 0.191192626953125,
    "cka": 0.28882378339767456,
    "svcca": 0.5801678688801039,
    "procrustes": 26.389278411865234
  },
  "layer_9": {
    "loss": 1.500381772994995,
    "metric": 0.7184338343108505,
    "mknn": 0.163055419921875,
    "cka": 0.30212515592575073,
    "svcca": 0.507733283701034,
    "procrustes": 30.100358963012695
  },
  "layer_10": {
    "loss": 1.8414568176269532,
    "metric": 0.7218319281524928,
    "mknn": 0.143035888671875,
    "cka": 0.32385483384132385,
    "svcca": 0.43615336109052183,
    "procrustes": 29.57662010192871
  },
  "layer_11": {
    "loss": 2.2137371420860292,
    "metric": 0.7264193090175953,
    "mknn": 0.1324462890625,
    "cka": 0.2890329360961914,
    "svcca": 0.44758943887198166,
    "procrustes": 29.315664291381836
  },
  "layer_12": {
    "loss": 2.1915199089050295,
    "metric": 0.7181754032258065,
    "mknn": 0.12176513671875,
    "cka": 0.2850208580493927,
    "svcca": 0.4270865674864733,
    "procrustes": 25.536306381225586
  }
}