{
  "layer_1": {
    "loss": 1.5807159902557495,
    "metric": 0.7224611313264968,
    "mknn": 0.035064697265625,
    "cka": 0.011904176324605942,
    "svcca": 0.09658427086938123,
    "procrustes": 3.726816415786743
  },
  "layer_2": {
    "loss": 1.117279650239402,
    "metric": 0.7895027015106406,
    "mknn": 0.03680419921875,
    "cka": 0.022869782522320747,
    "svcca": 0.10475803775859807,
    "procrustes": 4.02949333190918
  },
  "layer_3": {
    "loss": 0.9471784927857616,
    "metric": 0.8113353181166612,
    "mknn": 0.040191650390625,
    "cka": 0.024197079241275787,
    "svcca": 0.11548480761746252,
    "procrustes": 5.502440929412842
  },
  "layer_4": {
    "loss": 0.7411636283039731,
    "metric": 0.8384606902635351,
    "mknn": 0.041107177734375,
    "cka": 0.028669852763414383,
    "svcca": 0.11805279764775956,
    "procrustes": 6.600799560546875
  },
  "layer_5": {
    "loss": 0.6681584633847393,
    "metric": 0.8518028448561032,
    "mknn": 0.047149658203125,
    "cka": 0.033980026841163635,
    "svcca": 0.11081221341909324,
    "procrustes": 8.890666007995605
  },
  "layer_6": {
    "loss": 0.6408067991976779,
    "metric": 0.8550005513287021,
    "mknn": 0.046539306640625,
    "cka": 0.03803097829222679,
    "svcca": 0.11852219462551974,
    "procrustes": 13.674039840698242
  },
  "layer_7": {
    "loss": 0.6131511715896152,
    "metric": 0.8696658948064836,
    "mknn": 0.203704833984375,
    "cka": 0.5025250911712646,
    "svcca": 0.5254439372973347,
    "procrustes": 17.553747177124023
  },
  "layer_8": {
    "loss": 0.7149533942349812,
    "metric": 0.8914985114125041,
    "mknn": 0.31915283203125,
    "cka": 0.590103030204773,
    "svcca": 0.579431836126004,
    "procrustes": 18.524858474731445
  },
  "layer_9": {
    "loss": 0.9394265670174677,
    "metric": 0.8896239938251186,
    "mknn": 0.381500244140625,
    "cka": 0.5891281962394714,
    "svcca": 0.5527011810577763,
    "procrustes": 20.390867233276367
  },
  "layer_10": {
    "loss": 1.2987726800117174,
    "metric": 0.8933730289998897,
    "mknn": 0.407440185546875,
    "cka": 0.5697137713432312,
    "svcca": 0.5198429448431577,
    "procrustes": 20.36562728881836
  },
  "layer_11": {
    "loss": 2.1690229519472832,
    "metric": 0.8944756864042342,
    "mknn": 0.3702392578125,
    "cka": 0.5226569175720215,
    "svcca": 0.44102316756060755,
    "procrustes": 20.53474235534668
  },
  "layer_12": {
    "loss": 3.2986309708041737,
    "metric": 0.8898445253059875,
    "mknn": 0.3414306640625,
    "cka": 0.3771124482154846,
    "svcca": 0.3478794487768265,
    "procrustes": 25.063730239868164
  }
}