{
  "layer_1": {
    "loss": 1.5458479552041917,
    "metric": 0.7290770757525636,
    "mknn": 0.036163330078125,
    "cka": 0.010835317894816399,
    "svcca": 0.10732919133071958,
    "procrustes": 3.781766414642334
  },
  "layer_2": {
    "loss": 1.1058310576216885,
    "metric": 0.7877384496636894,
    "mknn": 0.036407470703125,
    "cka": 0.022330744192004204,
    "svcca": 0.10145428418429576,
    "procrustes": 4.124674320220947
  },
  "layer_3": {
    "loss": 0.9539377156783033,
    "metric": 0.8113353181166612,
    "mknn": 0.039154052734375,
    "cka": 0.02233097516000271,
    "svcca": 0.11338743612087762,
    "procrustes": 5.433670997619629
  },
  "layer_4": {
    "loss": 0.7576495714525067,
    "metric": 0.8385709560039696,
    "mknn": 0.041656494140625,
    "cka": 0.03358040750026703,
    "svcca": 0.11415355462754025,
    "procrustes": 6.611886501312256
  },
  "layer_5": {
    "loss": 0.6756214839381673,
    "metric": 0.8461792920939464,
    "mknn": 0.04534912109375,
    "cka": 0.03981857746839523,
    "svcca": 0.12159327650020516,
    "procrustes": 8.511473655700684
  },
  "layer_6": {
    "loss": 0.6644874370346466,
    "metric": 0.8530157680008821,
    "mknn": 0.045074462890625,
    "cka": 0.043670475482940674,
    "svcca": 0.1198481776593242,
    "procrustes": 13.37076473236084
  },
  "layer_7": {
    "loss": 0.6312216850436199,
    "metric": 0.8659168596317124,
    "mknn": 0.18951416015625,
    "cka": 0.4574424922466278,
    "svcca": 0.4981839846670269,
    "procrustes": 16.82268714904785
  },
  "layer_8": {
    "loss": 0.6848990360583503,
    "metric": 0.8913882456720696,
    "mknn": 0.303497314453125,
    "cka": 0.5701786875724792,
    "svcca": 0.5435059917603169,
    "procrustes": 18.933748245239258
  },
  "layer_9": {
    "loss": 0.9115731066589308,
    "metric": 0.8927114345572831,
    "mknn": 0.369781494140625,
    "cka": 0.5604479312896729,
    "svcca": 0.5737090460746932,
    "procrustes": 19.964506149291992
  },
  "layer_10": {
    "loss": 1.2394634976906338,
    "metric": 0.8948064836255375,
    "mknn": 0.39605712890625,
    "cka": 0.5594809055328369,
    "svcca": 0.5423381039940137,
    "procrustes": 20.472640991210938
  },
  "layer_11": {
    "loss": 2.016274857716658,
    "metric": 0.894916749365972,
    "mknn": 0.357513427734375,
    "cka": 0.4985622465610504,
    "svcca": 0.43703206502743647,
    "procrustes": 21.061735153198242
  },
  "layer_12": {
    "loss": 3.16312797876048,
    "metric": 0.8891829308633807,
    "mknn": 0.342041015625,
    "cka": 0.3556249141693115,
    "svcca": 0.34047064381913034,
    "procrustes": 25.4548397064209
  }
}