{
  "layer_1": {
    "loss": 0.6739040832519532,
    "metric": 0.5767911473607038,
    "mknn": 0.0421142578125,
    "cka": 0.009756648913025856,
    "svcca": 0.12311087959287245,
    "procrustes": 3.710139751434326
  },
  "layer_2": {
    "loss": 0.6751106653213501,
    "metric": 0.5831433284457478,
    "mknn": 0.045654296875,
    "cka": 0.050916340202093124,
    "svcca": 0.1264582075490405,
    "procrustes": 4.0259623527526855
  },
  "layer_3": {
    "loss": 0.7030980331897736,
    "metric": 0.6187987994868035,
    "mknn": 0.047454833984375,
    "cka": 0.04649227485060692,
    "svcca": 0.1406887084742574,
    "procrustes": 5.4142937660217285
  },
  "layer_4": {
    "loss": 0.6901661760807037,
    "metric": 0.62244913856305,
    "mknn": 0.044586181640625,
    "cka": 0.03864077106118202,
    "svcca": 0.120687846677792,
    "procrustes": 6.116793155670166
  },
  "layer_5": {
    "loss": 0.7200985379219055,
    "metric": 0.6403798570381232,
    "mknn": 0.0416259765625,
    "cka": 0.03286360204219818,
    "svcca": 0.12464577979515598,
    "procrustes": 7.408573627471924
  },
  "layer_6": {
    "loss": 0.8226567845344543,
    "metric": 0.6444166972140762,
    "mknn": 0.04290771484375,
    "cka": 0.03240342438220978,
    "svcca": 0.1267884148924306,
    "procrustes": 10.967119216918945
  },
  "layer_7": {
    "loss": 0.7524775967597962,
    "metric": 0.6742299761730206,
    "mknn": 0.181243896484375,
    "cka": 0.2838141620159149,
    "svcca": 0.5179013471595636,
    "procrustes": 18.5385799407959
  },
  "layer_8": {
    "loss": 0.9680821626186371,
    "metric": 0.7109031341642229,
    "mknn": 0.195343017578125,
    "cka": 0.3457552492618561,
    "svcca": 0.5125075286010804,
    "procrustes": 25.227340698242188
  },
  "layer_9": {
    "loss": 1.243659977197647,
    "metric": 0.7191779692082112,
    "mknn": 0.1568603515625,
    "cka": 0.2984156012535095,
    "svcca": 0.5047978286289362,
    "procrustes": 29.110904693603516
  },
  "layer_10": {
    "loss": 1.2796649630069732,
    "metric": 0.7221228922287389,
    "mknn": 0.144622802734375,
    "cka": 0.3122340440750122,
    "svcca": 0.45495629990163244,
    "procrustes": 28.77400779724121
  },
  "layer_11": {
    "loss": 1.370201316833496,
    "metric": 0.7277776759530792,
    "mknn": 0.132171630859375,
    "cka": 0.27545857429504395,
    "svcca": 0.4585029289233903,
    "procrustes": 29.390405654907227
  },
  "layer_12": {
    "loss": 1.4788804700374603,
    "metric": 0.715171370967742,
    "mknn": 0.122802734375,
    "cka": 0.26586484909057617,
    "svcca": 0.434428964535888,
    "procrustes": 25.814516067504883
  }
}