{
  "layer_1": {
    "loss": 0.24744001133925356,
    "metric": 0.07836521892096,
    "mknn": 0.032135009765625,
    "cka": 0.01077629067003727,
    "svcca": 0.11191609971661216,
    "procrustes": 2.433816432952881
  },
  "layer_2": {
    "loss": 0.2152875829402203,
    "metric": 0.22900262147177006,
    "mknn": 0.032684326171875,
    "cka": 0.022433534264564514,
    "svcca": 0.12810147108884454,
    "procrustes": 3.6988866329193115
  },
  "layer_3": {
    "loss": 0.19896351714288035,
    "metric": 0.38401638680617894,
    "mknn": 0.0350341796875,
    "cka": 0.03969569131731987,
    "svcca": 0.1468701749230347,
    "procrustes": 5.342127799987793
  },
  "layer_4": {
    "loss": 0.19322149167137762,
    "metric": 0.4497694470586868,
    "mknn": 0.03973388671875,
    "cka": 0.05699080973863602,
    "svcca": 0.15763932859934887,
    "procrustes": 6.177677154541016
  },
  "layer_5": {
    "loss": 0.19547506864719127,
    "metric": 0.48427664737620285,
    "mknn": 0.040313720703125,
    "cka": 0.05673655495047569,
    "svcca": 0.16532334255519412,
    "procrustes": 8.377367973327637
  },
  "layer_6": {
    "loss": 0.20037739658685325,
    "metric": 0.5016311509073604,
    "mknn": 0.041351318359375,
    "cka": 0.05592652037739754,
    "svcca": 0.16068092604948853,
    "procrustes": 11.580354690551758
  },
  "layer_7": {
    "loss": 0.19907931784330973,
    "metric": 0.5237906432622988,
    "mknn": 0.317291259765625,
    "cka": 0.6594957709312439,
    "svcca": 0.6159847329932507,
    "procrustes": 14.374333381652832
  },
  "layer_8": {
    "loss": 0.20001556717443025,
    "metric": 0.5313547323497472,
    "mknn": 0.388092041015625,
    "cka": 0.6717469096183777,
    "svcca": 0.7240159343256193,
    "procrustes": 18.478599548339844
  },
  "layer_9": {
    "loss": 0.21186575011998277,
    "metric": 0.5279863253492799,
    "mknn": 0.427886962890625,
    "cka": 0.6523982286453247,
    "svcca": 0.7791419554958463,
    "procrustes": 19.23882293701172
  },
  "layer_10": {
    "loss": 0.20444749467383883,
    "metric": 0.5602190124776836,
    "mknn": 0.489898681640625,
    "cka": 0.7520310878753662,
    "svcca": 0.7997470821959249,
    "procrustes": 18.18244171142578
  },
  "layer_11": {
    "loss": 0.21368547940995836,
    "metric": 0.5539401140894559,
    "mknn": 0.4866943359375,
    "cka": 0.7098976373672485,
    "svcca": 0.7977246094357773,
    "procrustes": 20.970460891723633
  },
  "layer_12": {
    "loss": 0.2459213814015762,
    "metric": 0.5438880302335553,
    "mknn": 0.433624267578125,
    "cka": 0.5605962872505188,
    "svcca": 0.6913364750007054,
    "procrustes": 27.435428619384766
  }
}