{
  "layer_1": {
    "loss": 1.5575749408946467,
    "metric": 0.724445914654317,
    "mknn": 0.036376953125,
    "cka": 0.011143146082758904,
    "svcca": 0.10769728179611197,
    "procrustes": 3.8049843311309814
  },
  "layer_2": {
    "loss": 1.125814427616735,
    "metric": 0.7840996802293527,
    "mknn": 0.035980224609375,
    "cka": 0.021804386749863625,
    "svcca": 0.11407174000388869,
    "procrustes": 4.09874153137207
  },
  "layer_3": {
    "loss": 0.9742790777137671,
    "metric": 0.8086889403462344,
    "mknn": 0.03863525390625,
    "cka": 0.022944003343582153,
    "svcca": 0.11097410104776609,
    "procrustes": 5.502241134643555
  },
  "layer_4": {
    "loss": 0.7627827134673242,
    "metric": 0.838681221744404,
    "mknn": 0.044464111328125,
    "cka": 0.03653644770383835,
    "svcca": 0.10795514668484467,
    "procrustes": 6.565113067626953
  },
  "layer_5": {
    "loss": 0.7086949545259356,
    "metric": 0.8414378652552652,
    "mknn": 0.046478271484375,
    "cka": 0.03752388060092926,
    "svcca": 0.13206952933924582,
    "procrustes": 8.526147842407227
  },
  "layer_6": {
    "loss": 0.673526012752619,
    "metric": 0.8527952365200132,
    "mknn": 0.04620361328125,
    "cka": 0.03910401836037636,
    "svcca": 0.12922577004248376,
    "procrustes": 12.24078369140625
  },
  "layer_7": {
    "loss": 0.6662438243046087,
    "metric": 0.85742639761826,
    "mknn": 0.17327880859375,
    "cka": 0.4499921202659607,
    "svcca": 0.5157070179034129,
    "procrustes": 15.029658317565918
  },
  "layer_8": {
    "loss": 0.6830436707398914,
    "metric": 0.8919395743742419,
    "mknn": 0.289337158203125,
    "cka": 0.5562565922737122,
    "svcca": 0.5383251167716162,
    "procrustes": 18.22407341003418
  },
  "layer_9": {
    "loss": 0.9327732980209379,
    "metric": 0.889734259565553,
    "mknn": 0.3369140625,
    "cka": 0.505637526512146,
    "svcca": 0.5982168216838668,
    "procrustes": 20.15325164794922
  },
  "layer_10": {
    "loss": 1.2396527442811107,
    "metric": 0.8941448891829309,
    "mknn": 0.389312744140625,
    "cka": 0.5511247515678406,
    "svcca": 0.503873498128053,
    "procrustes": 20.999067306518555
  },
  "layer_11": {
    "loss": 2.208372473335781,
    "metric": 0.8908369169698974,
    "mknn": 0.357330322265625,
    "cka": 0.4880756735801697,
    "svcca": 0.45219433530105935,
    "procrustes": 21.588319778442383
  },
  "layer_12": {
    "loss": 3.181361319046045,
    "metric": 0.8863160216120851,
    "mknn": 0.328765869140625,
    "cka": 0.34322842955589294,
    "svcca": 0.3164981260501614,
    "procrustes": 25.84691619873047
  }
}