{
  "layer_1": {
    "loss": 0.6766224325497946,
    "loss_std": 0.0007199751470320082,
    "metric": 0.5649868646138807,
    "metric_std": 0.0016390083691766213,
    "cka": 0.008248042470465103,
    "cka_std": 0.001695802253166695,
    "mknn": 0.038126627604166664,
    "mknn_std": 0.0006802674762898962,
    "svcca": 0.12215341223450182,
    "svcca_std": 0.004650833197216159,
    "procrustes": 3.4953388373057046,
    "procrustes_std": 0.1110992097369547
  },
  "layer_2": {
    "loss": 0.6743408672014871,
    "loss_std": 0.0004646888629518932,
    "metric": 0.591204866202346,
    "metric_std": 0.0018359862511753374,
    "cka": 0.0165262371301651,
    "cka_std": 0.0017131481424290222,
    "mknn": 0.041402180989583336,
    "mknn_std": 0.000255733339232921,
    "svcca": 0.12284602321323461,
    "svcca_std": 0.0012497205176127263,
    "procrustes": 3.9286698500315347,
    "procrustes_std": 0.11675687461956921
  },
  "layer_3": {
    "loss": 0.6987644479274749,
    "loss_std": 0.001361833769501427,
    "metric": 0.6028052449902248,
    "metric_std": 0.0034193011609776587,
    "cka": 0.017944767760733765,
    "cka_std": 0.0017832160819021656,
    "mknn": 0.043406168619791664,
    "mknn_std": 0.0007640914696538868,
    "svcca": 0.11608533440317838,
    "svcca_std": 0.0033942692163247373,
    "procrustes": 4.637779235839844,
    "procrustes_std": 0.15374768022588436
  },
  "layer_4": {
    "loss": 0.680088027159373,
    "loss_std": 0.0012041042770581537,
    "metric": 0.6174691471163245,
    "metric_std": 0.0023415220209433638,
    "cka": 0.021663542836904526,
    "cka_std": 0.0014335439179537543,
    "mknn": 0.042226155598958336,
    "mknn_std": 0.0005866646669635504,
    "svcca": 0.1268180123757636,
    "svcca_std": 0.0015988251471180015,
    "procrustes": 5.137394269307454,
    "procrustes_std": 0.23645099230606287
  },
  "layer_5": {
    "loss": 0.6986649003823598,
    "loss_std": 0.0015518962126877052,
    "metric": 0.6338332416911047,
    "metric_std": 0.0015277574198282674,
    "cka": 0.015565069081882635,
    "cka_std": 0.0007276166567529277,
    "mknn": 0.041951497395833336,
    "mknn_std": 0.0006888835837132575,
    "svcca": 0.10252421874148028,
    "svcca_std": 0.003916392604601514,
    "procrustes": 6.0843125979105634,
    "procrustes_std": 0.2711952258451903
  },
  "layer_6": {
    "loss": 0.7856005047162373,
    "loss_std": 0.011128988343397239,
    "metric": 0.6334307795698925,
    "metric_std": 0.005558421953536553,
    "cka": 0.016662210846940678,
    "cka_std": 0.0009911319632227794,
    "mknn": 0.041524251302083336,
    "mknn_std": 0.0009088342221757834,
    "svcca": 0.09913590539546667,
    "svcca_std": 0.0010494389146406553,
    "procrustes": 11.791891098022461,
    "procrustes_std": 0.44775803685544463
  },
  "layer_7": {
    "loss": 0.8641071328322093,
    "loss_std": 0.018436336385476173,
    "metric": 0.6418737017350927,
    "metric_std": 0.0048463652656990566,
    "cka": 0.013818390046556791,
    "cka_std": 0.0015403155546090325,
    "mknn": 0.041880289713541664,
    "mknn_std": 0.0008056229603362359,
    "svcca": 0.10191985012741778,
    "svcca_std": 0.0033605816719034474,
    "procrustes": 13.523286819458008,
    "procrustes_std": 0.62048276292791
  },
  "layer_8": {
    "loss": 0.8520430146058401,
    "loss_std": 0.050051927308820736,
    "metric": 0.6417781647116324,
    "metric_std": 0.004423328174419176,
    "cka": 0.01301429265489181,
    "cka_std": 0.0021057695483834844,
    "mknn": 0.039621988932291664,
    "mknn_std": 0.0007393124312584075,
    "svcca": 0.10300748410046878,
    "svcca_std": 0.0020966059771544724,
    "procrustes": 13.621729532877604,
    "procrustes_std": 1.209478960352778
  },
  "layer_9": {
    "loss": 0.8182227420012156,
    "loss_std": 0.05614262091205277,
    "metric": 0.6409910343352884,
    "metric_std": 0.004453030925625783,
    "cka": 0.01337022085984548,
    "cka_std": 0.001935578566103033,
    "mknn": 0.040802001953125,
    "mknn_std": 0.001255555127410103,
    "svcca": 0.10828291908758401,
    "svcca_std": 0.005747345719602036,
    "procrustes": 15.78248659769694,
    "procrustes_std": 0.9636263396576952
  },
  "layer_10": {
    "loss": 0.9649858044783274,
    "loss_std": 0.08801178948895048,
    "metric": 0.6517250122189638,
    "metric_std": 0.002527272949578532,
    "cka": 0.015671233957012493,
    "cka_std": 0.001448333108114963,
    "mknn": 0.04193115234375,
    "mknn_std": 0.0007832184470589257,
    "svcca": 0.12303695788882103,
    "svcca_std": 0.0010268959221851682,
    "procrustes": 20.60720380147298,
    "procrustes_std": 0.6153229484770191
  },
  "layer_11": {
    "loss": 0.9814936452706654,
    "loss_std": 0.05796304677100731,
    "metric": 0.6582800281036167,
    "metric_std": 0.002966278040283736,
    "cka": 0.015071188720564047,
    "cka_std": 0.001456925758465246,
    "mknn": 0.041534423828125,
    "mknn_std": 0.0011631428373411776,
    "svcca": 0.12186949814041424,
    "svcca_std": 0.00047227793415675987,
    "procrustes": 23.7016544342041,
    "procrustes_std": 0.6248017774024905
  },
  "layer_12": {
    "loss": 0.967755878607432,
    "loss_std": 0.050490987080503764,
    "metric": 0.6537872678396872,
    "metric_std": 0.0014250194841017303,
    "cka": 0.010093362381060919,
    "cka_std": 0.001083941720322517,
    "mknn": 0.041219075520833336,
    "mknn_std": 0.0016948173295922699,
    "svcca": 0.12030623884241771,
    "svcca_std": 0.008022266530849644,
    "procrustes": 25.57709503173828,
    "procrustes_std": 1.205336047669532
  }
}