{
  "layer_1": {
    "loss": 1.7593822893957611,
    "loss_std": 0.030887278451167396,
    "metric": 0.6837946116808175,
    "metric_std": 0.007054901304187684,
    "cka": 0.011054571407536665,
    "cka_std": 0.00038216973218475626,
    "mknn": 0.033955891927083336,
    "mknn_std": 0.0002315227595365609,
    "svcca": 0.10430691876526277,
    "svcca_std": 0.0014779522929710062,
    "procrustes": 3.2772279580434165,
    "procrustes_std": 0.03680032357415199
  },
  "layer_2": {
    "loss": 1.0449558076509513,
    "loss_std": 0.008366298319796966,
    "metric": 0.8019259749329216,
    "metric_std": 0.00036385837970418427,
    "cka": 0.020139907176295917,
    "cka_std": 0.0004974545008944134,
    "mknn": 0.0369873046875,
    "mknn_std": 0.00043230243654125526,
    "svcca": 0.10922469837968529,
    "svcca_std": 0.003537217628735287,
    "procrustes": 4.135671297709147,
    "procrustes_std": 0.047129061193807
  },
  "layer_3": {
    "loss": 0.9013102166420358,
    "loss_std": 0.006409214994536277,
    "metric": 0.8180982835299738,
    "metric_std": 0.0011400053235763323,
    "cka": 0.023437102014819782,
    "cka_std": 0.0007769628960309419,
    "mknn": 0.039337158203125,
    "mknn_std": 0.0001881229859304497,
    "svcca": 0.11550404588259866,
    "svcca_std": 0.003360509212097556,
    "procrustes": 5.192560036977132,
    "procrustes_std": 0.030698923096324156
  },
  "layer_4": {
    "loss": 0.7566387960572302,
    "loss_std": 0.003441389390601788,
    "metric": 0.8377990958209285,
    "metric_std": 0.0010915751391125602,
    "cka": 0.03386734922726949,
    "cka_std": 2.8741383816739934e-05,
    "mknn": 0.042002360026041664,
    "mknn_std": 0.00034376516212393797,
    "svcca": 0.12102023622791562,
    "svcca_std": 0.006958254419374167,
    "procrustes": 6.379903793334961,
    "procrustes_std": 0.05840533777569975
  },
  "layer_5": {
    "loss": 0.6908939724140907,
    "loss_std": 0.008305830229841805,
    "metric": 0.8483846069026354,
    "metric_std": 0.00194768130253119,
    "cka": 0.0435777964691321,
    "cka_std": 0.0018610295571037762,
    "mknn": 0.0513916015625,
    "mknn_std": 0.00021722571313540265,
    "svcca": 0.1253028687741815,
    "svcca_std": 0.0008106209049248031,
    "procrustes": 9.097247123718262,
    "procrustes_std": 0.08735457612076683
  },
  "layer_6": {
    "loss": 0.7261248619658658,
    "loss_std": 0.010384862176833688,
    "metric": 0.8560664534862351,
    "metric_std": 0.0005857822417212217,
    "cka": 0.05894822378953298,
    "cka_std": 0.0017058462377847448,
    "mknn": 0.06477864583333333,
    "mknn_std": 0.000740990146951266,
    "svcca": 0.15296631771354577,
    "svcca_std": 0.0063020358918632865,
    "procrustes": 15.879430452982584,
    "procrustes_std": 0.1896160358666393
  },
  "layer_7": {
    "loss": 0.9876347459584037,
    "loss_std": 0.02363696111761337,
    "metric": 0.8480538096813319,
    "metric_std": 0.002076590126338888,
    "cka": 0.07071750611066818,
    "cka_std": 0.000849852958146506,
    "mknn": 0.06963094075520833,
    "mknn_std": 0.0019335293571804562,
    "svcca": 0.17394035534782468,
    "svcca_std": 0.005248524621795821,
    "procrustes": 16.48426882425944,
    "procrustes_std": 0.28270061034356253
  },
  "layer_8": {
    "loss": 1.345326780255066,
    "loss_std": 0.041752573509030985,
    "metric": 0.8540449149116037,
    "metric_std": 0.00271342357853373,
    "cka": 0.07963645706574123,
    "cka_std": 0.00274670219538878,
    "mknn": 0.070098876953125,
    "mknn_std": 0.0008124021569051679,
    "svcca": 0.18341899725333122,
    "svcca_std": 0.002555555338652837,
    "procrustes": 19.450159708658855,
    "procrustes_std": 0.34960620985323976
  },
  "layer_9": {
    "loss": 1.6914507065721747,
    "loss_std": 0.04984940846705371,
    "metric": 0.8643731392656302,
    "metric_std": 0.002272294852953086,
    "cka": 0.08447688569625218,
    "cka_std": 0.0027356364734593573,
    "mknn": 0.07112630208333333,
    "mknn_std": 0.0011233158987203487,
    "svcca": 0.1857421653444542,
    "svcca_std": 0.0035111801475323167,
    "procrustes": 23.969160715738933,
    "procrustes_std": 0.45983531056373045
  },
  "layer_10": {
    "loss": 2.7552418340952514,
    "loss_std": 0.10492913506631374,
    "metric": 0.8673870695041717,
    "metric_std": 0.004056753700273552,
    "cka": 0.10892434666554134,
    "cka_std": 0.0025695018139200885,
    "mknn": 0.0792236328125,
    "mknn_std": 0.0006704613058790723,
    "svcca": 0.20495232172732267,
    "svcca_std": 0.0059753462012356266,
    "procrustes": 29.95001983642578,
    "procrustes_std": 0.1934957030643223
  },
  "layer_11": {
    "loss": 4.09578009254317,
    "loss_std": 0.20774696758361244,
    "metric": 0.8749586503473371,
    "metric_std": 0.0030966159105856035,
    "cka": 0.1080327108502388,
    "cka_std": 0.00113424060207494,
    "mknn": 0.08154296875,
    "mknn_std": 0.00040100918262587533,
    "svcca": 0.1950179451114268,
    "svcca_std": 0.0023370997526783893,
    "procrustes": 36.421075185139976,
    "procrustes_std": 0.04599291553712937
  },
  "layer_12": {
    "loss": 6.856749638903533,
    "loss_std": 0.11198762725493555,
    "metric": 0.8724225383173447,
    "metric_std": 0.001724757335487214,
    "cka": 0.08442011972268422,
    "cka_std": 0.0014411172342981967,
    "mknn": 0.08040364583333333,
    "mknn_std": 0.0009095171283877405,
    "svcca": 0.16434037467416449,
    "svcca_std": 0.004601227357883282,
    "procrustes": 39.19873555501302,
    "procrustes_std": 0.021595107876826614
  }
}