{
  "layer_1": {
    "loss": 0.2564143980245253,
    "loss_std": 0.0003248401361016839,
    "metric": 0.06151355477644699,
    "metric_std": 0.00043167565948518956,
    "cka": 0.00851635355502367,
    "cka_std": 0.00033352459879320423,
    "mknn": 0.033345540364583336,
    "mknn_std": 0.00027446975836653727,
    "svcca": 0.08873794808824581,
    "svcca_std": 0.0006846386283413144,
    "procrustes": 2.423154910405477,
    "procrustes_std": 0.01027092579415076
  },
  "layer_2": {
    "loss": 0.21301541689171036,
    "loss_std": 0.00018981364232046222,
    "metric": 0.2509149100255837,
    "metric_std": 0.003046491775734546,
    "cka": 0.01574456070860227,
    "cka_std": 0.00023141211307070816,
    "mknn": 0.03216552734375,
    "mknn_std": 0.0005632677490196586,
    "svcca": 0.12262926846844314,
    "svcca_std": 0.0024201609048522888,
    "procrustes": 3.9774702390034995,
    "procrustes_std": 0.028549563547671103
  },
  "layer_3": {
    "loss": 0.20325952720257545,
    "loss_std": 0.00020866166466660137,
    "metric": 0.32495293759452964,
    "metric_std": 0.0027608300903386633,
    "cka": 0.01924708237250646,
    "cka_std": 0.0003806081266420476,
    "mknn": 0.034413655598958336,
    "mknn_std": 0.0005047459403505566,
    "svcca": 0.12684109976752003,
    "svcca_std": 0.002534914656054218,
    "procrustes": 4.876706759134929,
    "procrustes_std": 0.006262801458833972
  },
  "layer_4": {
    "loss": 0.19964725900721805,
    "loss_std": 0.00021078234318801814,
    "metric": 0.38184910126628974,
    "metric_std": 0.003759830148917563,
    "cka": 0.023577719926834106,
    "cka_std": 0.0010186139236008447,
    "mknn": 0.036234537760416664,
    "mknn_std": 0.00032520278652233437,
    "svcca": 0.12277845948027026,
    "svcca_std": 0.001709014454776793,
    "procrustes": 5.332759380340576,
    "procrustes_std": 0.05733455042691298
  },
  "layer_5": {
    "loss": 0.19930686640299963,
    "loss_std": 0.0006779206755558786,
    "metric": 0.41727470412848405,
    "metric_std": 0.009222910828511684,
    "cka": 0.029081532110770542,
    "cka_std": 0.0008518742113137418,
    "mknn": 0.037312825520833336,
    "mknn_std": 0.00011235922258694725,
    "svcca": 0.13948042833848007,
    "svcca_std": 0.0040729325363394716,
    "procrustes": 6.375109990437825,
    "procrustes_std": 0.23923070742386415
  },
  "layer_6": {
    "loss": 0.1997932993138807,
    "loss_std": 0.0009698298798305986,
    "metric": 0.4524256839202841,
    "metric_std": 0.004927470290222876,
    "cka": 0.02853201764325301,
    "cka_std": 0.0009739322134949104,
    "mknn": 0.037943522135416664,
    "mknn_std": 0.00037403923158468085,
    "svcca": 0.14614055879038226,
    "svcca_std": 0.0028438008448836236,
    "procrustes": 9.529507319132486,
    "procrustes_std": 0.3868204229740283
  },
  "layer_7": {
    "loss": 0.20986039135404813,
    "loss_std": 0.0014276997064472162,
    "metric": 0.41014771204453765,
    "metric_std": 0.0067258985912754,
    "cka": 0.02920578358074029,
    "cka_std": 0.0013018029065816233,
    "mknn": 0.037994384765625,
    "mknn_std": 0.0010204012144348442,
    "svcca": 0.14731983495343662,
    "svcca_std": 0.003962440132204469,
    "procrustes": 12.188947041829428,
    "procrustes_std": 0.3916222273154875
  },
  "layer_8": {
    "loss": 0.233232504051585,
    "loss_std": 0.0015072003964042076,
    "metric": 0.4285448281658029,
    "metric_std": 0.005109412896232253,
    "cka": 0.0270378440618515,
    "cka_std": 0.0004169611883834661,
    "mknn": 0.037495930989583336,
    "mknn_std": 0.00012541532395363316,
    "svcca": 0.14615891905248385,
    "svcca_std": 0.0022679141805495183,
    "procrustes": 13.089032173156738,
    "procrustes_std": 0.3734600488853632
  },
  "layer_9": {
    "loss": 0.22299818071993083,
    "loss_std": 0.002039538924751519,
    "metric": 0.48066644220759064,
    "metric_std": 0.006762852135985366,
    "cka": 0.02046152080098788,
    "cka_std": 0.0010736008422334142,
    "mknn": 0.038492838541666664,
    "mknn_std": 0.0007000590223830263,
    "svcca": 0.14411811777301864,
    "svcca_std": 0.0020420001292110724,
    "procrustes": 16.37534777323405,
    "procrustes_std": 0.24575439474483085
  },
  "layer_10": {
    "loss": 0.29008599364995596,
    "loss_std": 0.009307719194468532,
    "metric": 0.4498229679793731,
    "metric_std": 0.012086474375627305,
    "cka": 0.03366538758079211,
    "cka_std": 0.0032557039956404507,
    "mknn": 0.039154052734375,
    "mknn_std": 0.0007238951365013507,
    "svcca": 0.14477689021117487,
    "svcca_std": 0.0048286947750561,
    "procrustes": 25.209184646606445,
    "procrustes_std": 0.10397349486500944
  },
  "layer_11": {
    "loss": 0.2851889077144834,
    "loss_std": 0.0018658646961891598,
    "metric": 0.5143639516713371,
    "metric_std": 0.004235764801324697,
    "cka": 0.03870836893717448,
    "cka_std": 0.003618357434551471,
    "mknn": 0.040008544921875,
    "mknn_std": 0.0008970299351012615,
    "svcca": 0.1466989070691955,
    "svcca_std": 0.0006948008497712608,
    "procrustes": 32.05214246114095,
    "procrustes_std": 0.10713129933904292
  },
  "layer_12": {
    "loss": 0.3228153766300272,
    "loss_std": 0.004744574683851878,
    "metric": 0.541338228166472,
    "metric_std": 0.005983371138610589,
    "cka": 0.04168394207954407,
    "cka_std": 0.0036418203168693147,
    "mknn": 0.038065592447916664,
    "mknn_std": 9.43361256459117e-05,
    "svcca": 0.13665913904341068,
    "svcca_std": 0.002723613133977513,
    "procrustes": 38.854810078938804,
    "procrustes_std": 0.02246274723430791
  }
}