{
  "layer_1": {
    "loss": 0.2477952034107893,
    "metric": 0.0961578420274156,
    "mknn": 0.034423828125,
    "cka": 0.009132720530033112,
    "svcca": 0.09699369431480823,
    "procrustes": 2.3138720989227295
  },
  "layer_2": {
    "loss": 0.21747880307340475,
    "metric": 0.23888513131129088,
    "mknn": 0.03057861328125,
    "cka": 0.013456695713102818,
    "svcca": 0.12143041373232608,
    "procrustes": 3.4462602138519287
  },
  "layer_3": {
    "loss": 0.2013555346932176,
    "metric": 0.3579345499577874,
    "mknn": 0.03411865234375,
    "cka": 0.021153442561626434,
    "svcca": 0.13943043911183897,
    "procrustes": 4.430782794952393
  },
  "layer_4": {
    "loss": 0.19447456231378077,
    "metric": 0.4276366146595003,
    "mknn": 0.0367431640625,
    "cka": 0.023748621344566345,
    "svcca": 0.14160255056836207,
    "procrustes": 5.250709056854248
  },
  "layer_5": {
    "loss": 0.2006650107506611,
    "metric": 0.4542710887268137,
    "mknn": 0.035308837890625,
    "cka": 0.026233967393636703,
    "svcca": 0.1459650608074123,
    "procrustes": 7.103672027587891
  },
  "layer_6": {
    "loss": 0.19862744764343065,
    "metric": 0.47267301234971076,
    "mknn": 0.03741455078125,
    "cka": 0.02071794867515564,
    "svcca": 0.1493565704642241,
    "procrustes": 10.1863431930542
  },
  "layer_7": {
    "loss": 0.19858734578307494,
    "metric": 0.4789687735518676,
    "mknn": 0.036468505859375,
    "cka": 0.014624224044382572,
    "svcca": 0.1459147611163048,
    "procrustes": 14.036933898925781
  },
  "layer_8": {
    "loss": 0.20652434951948642,
    "metric": 0.4685440452061033,
    "mknn": 0.037994384765625,
    "cka": 0.015850890427827835,
    "svcca": 0.15505708641255575,
    "procrustes": 16.424724578857422
  },
  "layer_9": {
    "loss": 0.21058053661637202,
    "metric": 0.4987992020857502,
    "mknn": 0.0377197265625,
    "cka": 0.011951185762882233,
    "svcca": 0.1511702229175262,
    "procrustes": 22.21097755432129
  },
  "layer_10": {
    "loss": 0.2146421368642838,
    "metric": 0.5040095746794033,
    "mknn": 0.256256103515625,
    "cka": 0.10405025631189346,
    "svcca": 0.5759604701522557,
    "procrustes": 24.753171920776367
  },
  "layer_11": {
    "loss": 0.22174760609727429,
    "metric": 0.5257927711062539,
    "mknn": 0.507049560546875,
    "cka": 0.13838918507099152,
    "svcca": 0.7146733229877176,
    "procrustes": 24.701107025146484
  },
  "layer_12": {
    "loss": 0.30381181803983975,
    "metric": 0.48333975645635496,
    "mknn": 0.86309814453125,
    "cka": 0.9937874674797058,
    "svcca": 0.8655116230773794,
    "procrustes": 11.861602783203125
  }
}