{
  "layer_1": {
    "loss": 0.673156614780426,
    "metric": 0.578879215542522,
    "mknn": 0.037353515625,
    "cka": 0.010116960853338242,
    "svcca": 0.12203071521438213,
    "procrustes": 3.464700698852539
  },
  "layer_2": {
    "loss": 0.6815930054187774,
    "metric": 0.5975174120234604,
    "mknn": 0.047332763671875,
    "cka": 0.036229655146598816,
    "svcca": 0.1363007703271282,
    "procrustes": 4.221295356750488
  },
  "layer_3": {
    "loss": 0.7600003171364467,
    "metric": 0.6302139846041056,
    "mknn": 0.0439453125,
    "cka": 0.035210754722356796,
    "svcca": 0.12419492000202834,
    "procrustes": 5.410572052001953
  },
  "layer_4": {
    "loss": 0.6969763969977697,
    "metric": 0.6441665139296189,
    "mknn": 0.0440673828125,
    "cka": 0.04286308214068413,
    "svcca": 0.14478864592955493,
    "procrustes": 5.551318645477295
  },
  "layer_5": {
    "loss": 0.7520614384015402,
    "metric": 0.6549674670087976,
    "mknn": 0.0450439453125,
    "cka": 0.04630683735013008,
    "svcca": 0.14863935199963138,
    "procrustes": 6.857069969177246
  },
  "layer_6": {
    "loss": 0.9226007354656856,
    "metric": 0.6650966825513196,
    "mknn": 0.04644775390625,
    "cka": 0.04800920933485031,
    "svcca": 0.1294537540982797,
    "procrustes": 10.275115966796875
  },
  "layer_7": {
    "loss": 0.916071599205335,
    "metric": 0.6645078812316716,
    "mknn": 0.04412841796875,
    "cka": 0.052967652678489685,
    "svcca": 0.13441802730995553,
    "procrustes": 14.091710090637207
  },
  "layer_8": {
    "loss": 0.9017063990036647,
    "metric": 0.6739213709677419,
    "mknn": 0.048797607421875,
    "cka": 0.05239676311612129,
    "svcca": 0.13882047503788447,
    "procrustes": 17.185110092163086
  },
  "layer_9": {
    "loss": 0.9762225162188212,
    "metric": 0.672445931085044,
    "mknn": 0.048980712890625,
    "cka": 0.04836375638842583,
    "svcca": 0.14552911813279412,
    "procrustes": 25.044506072998047
  },
  "layer_10": {
    "loss": 1.3288976580401262,
    "metric": 0.7420498075513197,
    "mknn": 0.171966552734375,
    "cka": 0.2898959517478943,
    "svcca": 0.48375539410848517,
    "procrustes": 27.24854850769043
  },
  "layer_11": {
    "loss": 1.9934702232452108,
    "metric": 0.7608444831378298,
    "mknn": 0.174774169921875,
    "cka": 0.3220829963684082,
    "svcca": 0.45442688444930057,
    "procrustes": 30.024747848510742
  },
  "layer_12": {
    "loss": 2.8507422037319046,
    "metric": 0.7569226539589442,
    "mknn": 0.546905517578125,
    "cka": 0.9971179962158203,
    "svcca": 0.6869999533079193,
    "procrustes": 10.590534210205078
  }
}