{
  "layer_1": {
    "loss": 0.24882464756032535,
    "metric": 0.09340056464492759,
    "mknn": 0.031341552734375,
    "cka": 0.010157790966331959,
    "svcca": 0.09096154823634181,
    "procrustes": 2.300273895263672
  },
  "layer_2": {
    "loss": 0.217793546972914,
    "metric": 0.23328156892744567,
    "mknn": 0.030487060546875,
    "cka": 0.01629023067653179,
    "svcca": 0.11360651063449909,
    "procrustes": 3.373950958251953
  },
  "layer_3": {
    "loss": 0.20058971488466615,
    "metric": 0.3612374854898316,
    "mknn": 0.034515380859375,
    "cka": 0.02301744930446148,
    "svcca": 0.13703705176170772,
    "procrustes": 4.356966018676758
  },
  "layer_4": {
    "loss": 0.19388940545783387,
    "metric": 0.43172339963009276,
    "mknn": 0.038055419921875,
    "cka": 0.026806844398379326,
    "svcca": 0.14253209553787446,
    "procrustes": 5.111512660980225
  },
  "layer_5": {
    "loss": 0.20034490130807292,
    "metric": 0.4470567862012515,
    "mknn": 0.036529541015625,
    "cka": 0.03384396433830261,
    "svcca": 0.1513499524109657,
    "procrustes": 6.648836612701416
  },
  "layer_6": {
    "loss": 0.2022564679567913,
    "metric": 0.4665829136225794,
    "mknn": 0.039398193359375,
    "cka": 0.033373478800058365,
    "svcca": 0.1572460116457121,
    "procrustes": 8.920985221862793
  },
  "layer_7": {
    "loss": 0.19850747654636394,
    "metric": 0.4772505996313264,
    "mknn": 0.037506103515625,
    "cka": 0.0288192480802536,
    "svcca": 0.15059977819931056,
    "procrustes": 11.33723258972168
  },
  "layer_8": {
    "loss": 0.21838488424044727,
    "metric": 0.4442258284222853,
    "mknn": 0.0411376953125,
    "cka": 0.02632567472755909,
    "svcca": 0.17276299822717267,
    "procrustes": 13.923470497131348
  },
  "layer_9": {
    "loss": 0.20894203789084462,
    "metric": 0.49371158251734987,
    "mknn": 0.042266845703125,
    "cka": 0.014097689650952816,
    "svcca": 0.16831467493852864,
    "procrustes": 20.131406784057617
  },
  "layer_10": {
    "loss": 0.20889566250960523,
    "metric": 0.5105328938262879,
    "mknn": 0.377227783203125,
    "cka": 0.11479371786117554,
    "svcca": 0.5985859714052296,
    "procrustes": 23.752857208251953
  },
  "layer_11": {
    "loss": 0.22730590813493323,
    "metric": 0.5045878897965677,
    "mknn": 0.61358642578125,
    "cka": 0.6741597652435303,
    "svcca": 0.7761564652241626,
    "procrustes": 23.823793411254883
  },
  "layer_12": {
    "loss": 0.2785815637105235,
    "metric": 0.5047950975449053,
    "mknn": 0.83258056640625,
    "cka": 0.9796320199966431,
    "svcca": 0.9599373705438481,
    "procrustes": 6.124691009521484
  }
}