{
  "layer_1": {
    "loss": 0.67467507036527,
    "metric": 0.5751949688416422,
    "mknn": 0.0382080078125,
    "cka": 0.010435656644403934,
    "svcca": 0.12013189951533151,
    "procrustes": 3.3997035026550293
  },
  "layer_2": {
    "loss": 0.6815525238513946,
    "metric": 0.5961184934017596,
    "mknn": 0.046478271484375,
    "cka": 0.031647711992263794,
    "svcca": 0.13560205860452457,
    "procrustes": 4.275900363922119
  },
  "layer_3": {
    "loss": 0.7574510106245677,
    "metric": 0.6312302969208211,
    "mknn": 0.044403076171875,
    "cka": 0.029552485793828964,
    "svcca": 0.11851376318768703,
    "procrustes": 5.484864711761475
  },
  "layer_4": {
    "loss": 0.7002947959105174,
    "metric": 0.6459393328445748,
    "mknn": 0.04412841796875,
    "cka": 0.038509584963321686,
    "svcca": 0.13834814619923208,
    "procrustes": 6.088719844818115
  },
  "layer_5": {
    "loss": 0.7259508642752965,
    "metric": 0.6575989736070382,
    "mknn": 0.04541015625,
    "cka": 0.042910460382699966,
    "svcca": 0.1349680927343469,
    "procrustes": 6.956249237060547
  },
  "layer_6": {
    "loss": 0.9410950343211492,
    "metric": 0.6619652675953079,
    "mknn": 0.044525146484375,
    "cka": 0.04579564556479454,
    "svcca": 0.142057090127183,
    "procrustes": 10.43543529510498
  },
  "layer_7": {
    "loss": 0.9861255100568136,
    "metric": 0.6712784090909092,
    "mknn": 0.044464111328125,
    "cka": 0.04993797838687897,
    "svcca": 0.13569527073216509,
    "procrustes": 14.58324909210205
  },
  "layer_8": {
    "loss": 0.8937564113140106,
    "metric": 0.6776530425219942,
    "mknn": 0.04681396484375,
    "cka": 0.05057178810238838,
    "svcca": 0.14108083486945439,
    "procrustes": 17.215251922607422
  },
  "layer_9": {
    "loss": 1.0985792780915895,
    "metric": 0.6715771627565983,
    "mknn": 0.047607421875,
    "cka": 0.04656622186303139,
    "svcca": 0.13842937993818938,
    "procrustes": 25.390531539916992
  },
  "layer_10": {
    "loss": 1.4726258671432733,
    "metric": 0.7360392228739003,
    "mknn": 0.164520263671875,
    "cka": 0.333634614944458,
    "svcca": 0.45281485953126666,
    "procrustes": 27.654638290405273
  },
  "layer_11": {
    "loss": 2.4487672642194664,
    "metric": 0.7536622525659824,
    "mknn": 0.183380126953125,
    "cka": 0.38619500398635864,
    "svcca": 0.45494927200374435,
    "procrustes": 30.078067779541016
  },
  "layer_12": {
    "loss": 4.715697297474564,
    "metric": 0.7393967650293255,
    "mknn": 0.515899658203125,
    "cka": 0.9961372017860413,
    "svcca": 0.6391292181321959,
    "procrustes": 10.517122268676758
  }
}