{
  "layer_1": {
    "loss": 1.4754010488983815,
    "metric": 0.7243356489138825,
    "mknn": 0.034576416015625,
    "cka": 0.007922348566353321,
    "svcca": 0.08914510115411703,
    "procrustes": 3.417555809020996
  },
  "layer_2": {
    "loss": 1.0291247557096406,
    "metric": 0.7965597088984453,
    "mknn": 0.0367431640625,
    "cka": 0.018016457557678223,
    "svcca": 0.10489905993057866,
    "procrustes": 3.9767696857452393
  },
  "layer_3": {
    "loss": 0.9492610177054764,
    "metric": 0.805380968133201,
    "mknn": 0.03857421875,
    "cka": 0.018612202256917953,
    "svcca": 0.11047074507513395,
    "procrustes": 5.030643463134766
  },
  "layer_4": {
    "loss": 0.8336624956683205,
    "metric": 0.8260006615944426,
    "mknn": 0.0390625,
    "cka": 0.01984693482518196,
    "svcca": 0.10761918170610858,
    "procrustes": 5.16476583480835
  },
  "layer_5": {
    "loss": 0.786557980858256,
    "metric": 0.8277649134413938,
    "mknn": 0.044281005859375,
    "cka": 0.02660754695534706,
    "svcca": 0.11212389895334023,
    "procrustes": 6.517723083496094
  },
  "layer_6": {
    "loss": 0.7715633345756152,
    "metric": 0.8404454735913551,
    "mknn": 0.04681396484375,
    "cka": 0.03486785665154457,
    "svcca": 0.12477356479418074,
    "procrustes": 9.157776832580566
  },
  "layer_7": {
    "loss": 0.7665998630403682,
    "metric": 0.8579777263204322,
    "mknn": 0.054107666015625,
    "cka": 0.06095467507839203,
    "svcca": 0.12057177101312218,
    "procrustes": 13.580808639526367
  },
  "layer_8": {
    "loss": 0.8256457336912976,
    "metric": 0.860624104090859,
    "mknn": 0.05694580078125,
    "cka": 0.07112479954957962,
    "svcca": 0.15552075854867647,
    "procrustes": 17.95870018005371
  },
  "layer_9": {
    "loss": 0.9520711423980638,
    "metric": 0.8601830411291211,
    "mknn": 0.054473876953125,
    "cka": 0.07312975078821182,
    "svcca": 0.15468880910001742,
    "procrustes": 26.281648635864258
  },
  "layer_10": {
    "loss": 0.7750935424142501,
    "metric": 0.9005403021281287,
    "mknn": 0.426666259765625,
    "cka": 0.7242504954338074,
    "svcca": 0.6404416070667966,
    "procrustes": 27.13018226623535
  },
  "layer_11": {
    "loss": 1.5888269398252775,
    "metric": 0.9141029882015658,
    "mknn": 0.439483642578125,
    "cka": 0.6406387686729431,
    "svcca": 0.61604150352192,
    "procrustes": 18.734899520874023
  },
  "layer_12": {
    "loss": 6.546037121266821,
    "metric": 0.9155364428272136,
    "mknn": 0.83306884765625,
    "cka": 0.9945557713508606,
    "svcca": 0.8445991279484358,
    "procrustes": 10.681502342224121
  }
}