{
  "layer_1": {
    "loss": 0.24890982477892712,
    "metric": 0.09286091195573348,
    "mknn": 0.032318115234375,
    "cka": 0.008507500402629375,
    "svcca": 0.09701578389047771,
    "procrustes": 2.2870752811431885
  },
  "layer_2": {
    "loss": 0.21805596042809022,
    "metric": 0.23297791649258046,
    "mknn": 0.0306396484375,
    "cka": 0.013774050399661064,
    "svcca": 0.11733927406708929,
    "procrustes": 3.3687732219696045
  },
  "layer_3": {
    "loss": 0.20090493836507592,
    "metric": 0.35792362052483917,
    "mknn": 0.033660888671875,
    "cka": 0.01959306187927723,
    "svcca": 0.1348035034058423,
    "procrustes": 4.346573352813721
  },
  "layer_4": {
    "loss": 0.19402122212852277,
    "metric": 0.4270275517561339,
    "mknn": 0.038238525390625,
    "cka": 0.02242046222090721,
    "svcca": 0.14658807195447246,
    "procrustes": 5.116119861602783
  },
  "layer_5": {
    "loss": 0.19960889578416646,
    "metric": 0.4485200060640072,
    "mknn": 0.036895751953125,
    "cka": 0.030188335105776787,
    "svcca": 0.14589911708177317,
    "procrustes": 6.622419834136963
  },
  "layer_6": {
    "loss": 0.20414407070272692,
    "metric": 0.4594297904203078,
    "mknn": 0.037750244140625,
    "cka": 0.031144272536039352,
    "svcca": 0.15895470427621738,
    "procrustes": 8.881421089172363
  },
  "layer_7": {
    "loss": 0.19583971319700058,
    "metric": 0.47662628694514353,
    "mknn": 0.03863525390625,
    "cka": 0.029338182881474495,
    "svcca": 0.15330286919632408,
    "procrustes": 11.266378402709961
  },
  "layer_8": {
    "loss": 0.21203409077941177,
    "metric": 0.4701096608293736,
    "mknn": 0.040771484375,
    "cka": 0.028312645852565765,
    "svcca": 0.15390445177286582,
    "procrustes": 13.988669395446777
  },
  "layer_9": {
    "loss": 0.21061282096364647,
    "metric": 0.49013301317703944,
    "mknn": 0.041961669921875,
    "cka": 0.01735343225300312,
    "svcca": 0.15901949557813344,
    "procrustes": 20.202266693115234
  },
  "layer_10": {
    "loss": 0.21084720507057494,
    "metric": 0.5034358980084642,
    "mknn": 0.37335205078125,
    "cka": 0.15796290338039398,
    "svcca": 0.5959783932994429,
    "procrustes": 24.212827682495117
  },
  "layer_11": {
    "loss": 0.2242416634076549,
    "metric": 0.49702990424477755,
    "mknn": 0.634490966796875,
    "cka": 0.7734919190406799,
    "svcca": 0.7650090655020357,
    "procrustes": 24.533979415893555
  },
  "layer_12": {
    "loss": 0.2842171672151893,
    "metric": 0.48991149401014267,
    "mknn": 0.821868896484375,
    "cka": 0.9755789041519165,
    "svcca": 0.904392230245097,
    "procrustes": 5.775937080383301
  }
}