{
  "layer_1": {
    "loss": 1.4443530205906594,
    "metric": 0.7306207961186459,
    "mknn": 0.0340576171875,
    "cka": 0.00969272293150425,
    "svcca": 0.08598406773114371,
    "procrustes": 3.5170657634735107
  },
  "layer_2": {
    "loss": 1.0179321623408948,
    "metric": 0.7984342264858308,
    "mknn": 0.037811279296875,
    "cka": 0.016216835007071495,
    "svcca": 0.10217493853295667,
    "procrustes": 4.058050632476807
  },
  "layer_3": {
    "loss": 0.935920881033535,
    "metric": 0.8091300033079722,
    "mknn": 0.03936767578125,
    "cka": 0.017751580104231834,
    "svcca": 0.10770257766281559,
    "procrustes": 5.037287712097168
  },
  "layer_4": {
    "loss": 0.8228489366307448,
    "metric": 0.8278751791818282,
    "mknn": 0.040252685546875,
    "cka": 0.02017613686621189,
    "svcca": 0.11187608236818458,
    "procrustes": 5.23399019241333
  },
  "layer_5": {
    "loss": 0.7737126393696191,
    "metric": 0.8298599625096482,
    "mknn": 0.044921875,
    "cka": 0.024722328409552574,
    "svcca": 0.12481566411446945,
    "procrustes": 6.358616828918457
  },
  "layer_6": {
    "loss": 0.724234993965098,
    "metric": 0.8469511522769876,
    "mknn": 0.04412841796875,
    "cka": 0.03343100845813751,
    "svcca": 0.11967863861038512,
    "procrustes": 9.199556350708008
  },
  "layer_7": {
    "loss": 0.7375342545087019,
    "metric": 0.8568750689160878,
    "mknn": 0.053253173828125,
    "cka": 0.05117924511432648,
    "svcca": 0.13340201231971088,
    "procrustes": 13.791609764099121
  },
  "layer_8": {
    "loss": 0.7157100348751597,
    "metric": 0.8698864262873525,
    "mknn": 0.060028076171875,
    "cka": 0.06328681111335754,
    "svcca": 0.1646199695187865,
    "procrustes": 17.874235153198242
  },
  "layer_9": {
    "loss": 0.7574644639202726,
    "metric": 0.8844415040246996,
    "mknn": 0.06500244140625,
    "cka": 0.07555275410413742,
    "svcca": 0.18213964303085511,
    "procrustes": 25.92139434814453
  },
  "layer_10": {
    "loss": 0.8493023782377839,
    "metric": 0.9059433234094167,
    "mknn": 0.433624267578125,
    "cka": 0.755930483341217,
    "svcca": 0.6543696913131521,
    "procrustes": 23.558509826660156
  },
  "layer_11": {
    "loss": 1.9075728047770553,
    "metric": 0.9170801631932959,
    "mknn": 0.4395751953125,
    "cka": 0.7337523102760315,
    "svcca": 0.6415218555430363,
    "procrustes": 17.52474594116211
  },
  "layer_12": {
    "loss": 6.709643532639104,
    "metric": 0.9196162752232881,
    "mknn": 0.855682373046875,
    "cka": 0.9974308013916016,
    "svcca": 0.8384063226349843,
    "procrustes": 8.99842643737793
  }
}