{
  "layer_1": {
    "loss": 0.6733255306084951,
    "metric": 0.5778775659824047,
    "mknn": 0.039093017578125,
    "cka": 0.009049766696989536,
    "svcca": 0.11774258378125964,
    "procrustes": 3.4892237186431885
  },
  "layer_2": {
    "loss": 0.6817546174526214,
    "metric": 0.5964204545454546,
    "mknn": 0.047576904296875,
    "cka": 0.03502436727285385,
    "svcca": 0.13021265239430277,
    "procrustes": 4.18083381652832
  },
  "layer_3": {
    "loss": 0.7574104237953821,
    "metric": 0.6303221224340176,
    "mknn": 0.043914794921875,
    "cka": 0.0354231633245945,
    "svcca": 0.12465789111909265,
    "procrustes": 5.421987533569336
  },
  "layer_4": {
    "loss": 0.703996519446373,
    "metric": 0.6430571847507331,
    "mknn": 0.045074462890625,
    "cka": 0.04185846447944641,
    "svcca": 0.1433697911756751,
    "procrustes": 5.952796936035156
  },
  "layer_5": {
    "loss": 0.7344177043437958,
    "metric": 0.6506048387096774,
    "mknn": 0.045318603515625,
    "cka": 0.04727485030889511,
    "svcca": 0.14432245470646257,
    "procrustes": 7.024449825286865
  },
  "layer_6": {
    "loss": 0.936236445804437,
    "metric": 0.6654215542521995,
    "mknn": 0.045074462890625,
    "cka": 0.04907774180173874,
    "svcca": 0.1343270149608205,
    "procrustes": 10.322982788085938
  },
  "layer_7": {
    "loss": 0.972083285689354,
    "metric": 0.6652694281524927,
    "mknn": 0.044586181640625,
    "cka": 0.05253187194466591,
    "svcca": 0.13418883443402935,
    "procrustes": 14.827054977416992
  },
  "layer_8": {
    "loss": 0.9226618248422941,
    "metric": 0.6684709494134898,
    "mknn": 0.04632568359375,
    "cka": 0.05173882097005844,
    "svcca": 0.14285965043123924,
    "procrustes": 17.711645126342773
  },
  "layer_9": {
    "loss": 1.036041916092237,
    "metric": 0.6712325879765396,
    "mknn": 0.04583740234375,
    "cka": 0.04733894392848015,
    "svcca": 0.14672822135459704,
    "procrustes": 25.78451919555664
  },
  "layer_10": {
    "loss": 1.454339857518673,
    "metric": 0.7348609329178886,
    "mknn": 0.169891357421875,
    "cka": 0.2937796413898468,
    "svcca": 0.4644085058612607,
    "procrustes": 28.18866539001465
  },
  "layer_11": {
    "loss": 2.9120198380441096,
    "metric": 0.7464763563049854,
    "mknn": 0.1810302734375,
    "cka": 0.35787490010261536,
    "svcca": 0.44284018557268834,
    "procrustes": 29.939552307128906
  },
  "layer_12": {
    "loss": 4.318757209287838,
    "metric": 0.7332143511730206,
    "mknn": 0.497100830078125,
    "cka": 0.9973154664039612,
    "svcca": 0.6319539101467322,
    "procrustes": 8.891483306884766
  }
}