{
  "layer_1": {
    "loss": 1.4812940265950492,
    "metric": 0.7215790054030213,
    "mknn": 0.033843994140625,
    "cka": 0.008250107988715172,
    "svcca": 0.09391882288464401,
    "procrustes": 3.5472536087036133
  },
  "layer_2": {
    "loss": 1.0099350932190554,
    "metric": 0.8005292755540854,
    "mknn": 0.0367431640625,
    "cka": 0.017382590100169182,
    "svcca": 0.1046670802334112,
    "procrustes": 4.10711669921875
  },
  "layer_3": {
    "loss": 0.9388623543238067,
    "metric": 0.8073657514610211,
    "mknn": 0.0390625,
    "cka": 0.019894007593393326,
    "svcca": 0.10579781537297575,
    "procrustes": 5.157386302947998
  },
  "layer_4": {
    "loss": 0.8122179408059201,
    "metric": 0.8309626199139927,
    "mknn": 0.040435791015625,
    "cka": 0.023201657459139824,
    "svcca": 0.11475847229451899,
    "procrustes": 5.446920871734619
  },
  "layer_5": {
    "loss": 0.7535103923800062,
    "metric": 0.8375785643400595,
    "mknn": 0.04302978515625,
    "cka": 0.02798374742269516,
    "svcca": 0.11277938549061024,
    "procrustes": 6.559476375579834
  },
  "layer_6": {
    "loss": 0.7580585099330786,
    "metric": 0.8443047745065608,
    "mknn": 0.04522705078125,
    "cka": 0.034536149352788925,
    "svcca": 0.11544687086478993,
    "procrustes": 9.83703899383545
  },
  "layer_7": {
    "loss": 0.7608536297752634,
    "metric": 0.8589701179843423,
    "mknn": 0.05291748046875,
    "cka": 0.05108955502510071,
    "svcca": 0.12604121733634757,
    "procrustes": 14.450599670410156
  },
  "layer_8": {
    "loss": 0.8165177073751616,
    "metric": 0.8621678244569412,
    "mknn": 0.05633544921875,
    "cka": 0.05864560976624489,
    "svcca": 0.14144585289532252,
    "procrustes": 18.51052474975586
  },
  "layer_9": {
    "loss": 0.9050779079453036,
    "metric": 0.8695556290660492,
    "mknn": 0.0548095703125,
    "cka": 0.06353461742401123,
    "svcca": 0.15587764398907378,
    "procrustes": 27.024499893188477
  },
  "layer_10": {
    "loss": 0.770198416664505,
    "metric": 0.9058330576689823,
    "mknn": 0.403839111328125,
    "cka": 0.7304844260215759,
    "svcca": 0.6488731773914558,
    "procrustes": 27.195056915283203
  },
  "layer_11": {
    "loss": 1.6536710669735788,
    "metric": 0.9182930863380747,
    "mknn": 0.43414306640625,
    "cka": 0.6809718608856201,
    "svcca": 0.6115342008653502,
    "procrustes": 18.546615600585938
  },
  "layer_12": {
    "loss": 7.027717901163576,
    "metric": 0.9164185687506892,
    "mknn": 0.830902099609375,
    "cka": 0.9969965815544128,
    "svcca": 0.8015096520098803,
    "procrustes": 10.015393257141113
  }
}