{
  "layer_1": {
    "loss": 0.6755685444672902,
    "metric": 0.5738728005865102,
    "mknn": 0.041229248046875,
    "cka": 0.0073350053280591965,
    "svcca": 0.12658945577383476,
    "procrustes": 3.526493549346924
  },
  "layer_2": {
    "loss": 0.6885403136412303,
    "metric": 0.5897993035190616,
    "mknn": 0.044769287109375,
    "cka": 0.027449192479252815,
    "svcca": 0.1283498879359512,
    "procrustes": 4.1098504066467285
  },
  "layer_3": {
    "loss": 0.7626087749004364,
    "metric": 0.6129064332844574,
    "mknn": 0.044769287109375,
    "cka": 0.028885912150144577,
    "svcca": 0.1247370165788884,
    "procrustes": 5.269912242889404
  },
  "layer_4": {
    "loss": 0.7129337552388509,
    "metric": 0.6256781524926686,
    "mknn": 0.04437255859375,
    "cka": 0.03554391860961914,
    "svcca": 0.13126953490990162,
    "procrustes": 5.900967121124268
  },
  "layer_5": {
    "loss": 0.7406781976222991,
    "metric": 0.637818456744868,
    "mknn": 0.04541015625,
    "cka": 0.03087601810693741,
    "svcca": 0.13238663023394143,
    "procrustes": 7.281937122344971
  },
  "layer_6": {
    "loss": 0.8210475298166275,
    "metric": 0.6510460960410557,
    "mknn": 0.0447998046875,
    "cka": 0.012404974550008774,
    "svcca": 0.13317741065940697,
    "procrustes": 10.395317077636719
  },
  "layer_7": {
    "loss": 0.8172716679970423,
    "metric": 0.6544987170087977,
    "mknn": 0.04364013671875,
    "cka": 0.009913885034620762,
    "svcca": 0.13238959207590512,
    "procrustes": 15.224692344665527
  },
  "layer_8": {
    "loss": 0.8058046220739683,
    "metric": 0.6847209494134897,
    "mknn": 0.152313232421875,
    "cka": 0.0630076453089714,
    "svcca": 0.49952582411854934,
    "procrustes": 16.410070419311523
  },
  "layer_9": {
    "loss": 0.9398599577148755,
    "metric": 0.7001095124633431,
    "mknn": 0.103973388671875,
    "cka": 0.03900418430566788,
    "svcca": 0.3523730031856042,
    "procrustes": 22.29767417907715
  },
  "layer_10": {
    "loss": 2.265694032249041,
    "metric": 0.730097598973607,
    "mknn": 0.12066650390625,
    "cka": 0.07184266299009323,
    "svcca": 0.3965588588229557,
    "procrustes": 28.912017822265625
  },
  "layer_11": {
    "loss": 2.303183075566776,
    "metric": 0.7418912664956011,
    "mknn": 0.117767333984375,
    "cka": 0.15609675645828247,
    "svcca": 0.3810996328497226,
    "procrustes": 31.666961669921875
  },
  "layer_12": {
    "loss": 5.316143448350012,
    "metric": 0.740755819281525,
    "mknn": 0.1533203125,
    "cka": 0.403255432844162,
    "svcca": 0.39972151340323736,
    "procrustes": 24.36488151550293
  }
}