{
  "layer_1": {
    "loss": 0.6747291576862335,
    "metric": 0.5767169171554252,
    "mknn": 0.040496826171875,
    "cka": 0.010460741817951202,
    "svcca": 0.11269200466247575,
    "procrustes": 3.469348192214966
  },
  "layer_2": {
    "loss": 0.6886313458283743,
    "metric": 0.5885497617302053,
    "mknn": 0.044586181640625,
    "cka": 0.024798978120088577,
    "svcca": 0.14012061349085914,
    "procrustes": 4.120810508728027
  },
  "layer_3": {
    "loss": 0.7648905847072601,
    "metric": 0.6109237536656892,
    "mknn": 0.04351806640625,
    "cka": 0.025923531502485275,
    "svcca": 0.1298428484684544,
    "procrustes": 5.20164680480957
  },
  "layer_4": {
    "loss": 0.7106930980285009,
    "metric": 0.6259246700879765,
    "mknn": 0.04266357421875,
    "cka": 0.03433831408619881,
    "svcca": 0.13312233284024258,
    "procrustes": 5.789953231811523
  },
  "layer_5": {
    "loss": 0.7332878222068151,
    "metric": 0.6348300036656891,
    "mknn": 0.04351806640625,
    "cka": 0.03546929359436035,
    "svcca": 0.12875826350589795,
    "procrustes": 6.887922763824463
  },
  "layer_6": {
    "loss": 0.8138134325742722,
    "metric": 0.6461294904692083,
    "mknn": 0.04608154296875,
    "cka": 0.03311764821410179,
    "svcca": 0.1268392359679527,
    "procrustes": 9.267850875854492
  },
  "layer_7": {
    "loss": 0.8027235518693924,
    "metric": 0.6542861070381232,
    "mknn": 0.04473876953125,
    "cka": 0.036188751459121704,
    "svcca": 0.12874892630218943,
    "procrustes": 11.798494338989258
  },
  "layer_8": {
    "loss": 0.7979735128879547,
    "metric": 0.6815679985337244,
    "mknn": 0.179718017578125,
    "cka": 0.3148103952407837,
    "svcca": 0.5037158662624935,
    "procrustes": 14.250732421875
  },
  "layer_9": {
    "loss": 0.8783887432614962,
    "metric": 0.6832358870967742,
    "mknn": 0.11541748046875,
    "cka": 0.16150234639644623,
    "svcca": 0.3338174210980041,
    "procrustes": 20.934114456176758
  },
  "layer_10": {
    "loss": 1.96815295652921,
    "metric": 0.7282423020527858,
    "mknn": 0.152801513671875,
    "cka": 0.1770172119140625,
    "svcca": 0.43588311157476545,
    "procrustes": 27.715423583984375
  },
  "layer_11": {
    "loss": 1.4328077761602278,
    "metric": 0.7303209769061584,
    "mknn": 0.126617431640625,
    "cka": 0.18613967299461365,
    "svcca": 0.413770854628285,
    "procrustes": 30.550966262817383
  },
  "layer_12": {
    "loss": 2.5557500314004717,
    "metric": 0.7265221774193549,
    "mknn": 0.15032958984375,
    "cka": 0.31722497940063477,
    "svcca": 0.41524075624850126,
    "procrustes": 24.580774307250977
  }
}