{
  "layer_1": {
    "loss": 0.24368702754584962,
    "metric": 0.11394793876814177,
    "mknn": 0.03399658203125,
    "cka": 0.011325380764901638,
    "svcca": 0.10587747163428116,
    "procrustes": 2.435521125793457
  },
  "layer_2": {
    "loss": 0.21029820557230242,
    "metric": 0.29702580616779556,
    "mknn": 0.03167724609375,
    "cka": 0.02147034741938114,
    "svcca": 0.12470948258646193,
    "procrustes": 3.8778655529022217
  },
  "layer_3": {
    "loss": 0.19863872681220618,
    "metric": 0.3993366609120631,
    "mknn": 0.0340576171875,
    "cka": 0.039762020111083984,
    "svcca": 0.1442527349767048,
    "procrustes": 5.219989776611328
  },
  "layer_4": {
    "loss": 0.1930051372603202,
    "metric": 0.4564856703139816,
    "mknn": 0.03656005859375,
    "cka": 0.04310719296336174,
    "svcca": 0.13972775333608886,
    "procrustes": 6.025772571563721
  },
  "layer_5": {
    "loss": 0.1984473201797813,
    "metric": 0.4800138535931932,
    "mknn": 0.037689208984375,
    "cka": 0.050805673003196716,
    "svcca": 0.1505110051688215,
    "procrustes": 7.518142223358154
  },
  "layer_6": {
    "loss": 0.19769678102987023,
    "metric": 0.4905044679563792,
    "mknn": 0.038360595703125,
    "cka": 0.05760741978883743,
    "svcca": 0.1540450563911742,
    "procrustes": 10.290382385253906
  },
  "layer_7": {
    "loss": 0.19653388126559543,
    "metric": 0.5110124799281888,
    "mknn": 0.040802001953125,
    "cka": 0.06471273303031921,
    "svcca": 0.16561454435713824,
    "procrustes": 13.234910011291504
  },
  "layer_8": {
    "loss": 0.21395267845233343,
    "metric": 0.49681129442095995,
    "mknn": 0.25390625,
    "cka": 0.6564403772354126,
    "svcca": 0.5726391236354641,
    "procrustes": 12.078509330749512
  },
  "layer_9": {
    "loss": 0.21013294569057384,
    "metric": 0.5186009331286011,
    "mknn": 0.179168701171875,
    "cka": 0.5616690516471863,
    "svcca": 0.4705155824868186,
    "procrustes": 18.00226402282715
  },
  "layer_10": {
    "loss": 0.2333278907993909,
    "metric": 0.5155347249684104,
    "mknn": 0.254486083984375,
    "cka": 0.6225792765617371,
    "svcca": 0.6188876928777273,
    "procrustes": 19.93260955810547
  },
  "layer_11": {
    "loss": 0.3075484637922976,
    "metric": 0.537630304531256,
    "mknn": 0.463653564453125,
    "cka": 0.771591067314148,
    "svcca": 0.7623733025771265,
    "procrustes": 22.126577377319336
  },
  "layer_12": {
    "loss": 0.34230095119386317,
    "metric": 0.5433776661408196,
    "mknn": 0.556549072265625,
    "cka": 0.7724093198776245,
    "svcca": 0.7790808082848583,
    "procrustes": 19.30525779724121
  }
}