{
  "layer_1": {
    "loss": 1.372940485163656,
    "metric": 0.7458374682985996,
    "mknn": 0.032318115234375,
    "cka": 0.007719867397099733,
    "svcca": 0.0957511470751639,
    "procrustes": 3.561231851577759
  },
  "layer_2": {
    "loss": 0.9849393360852223,
    "metric": 0.8007498070349542,
    "mknn": 0.036773681640625,
    "cka": 0.02103804610669613,
    "svcca": 0.09978313941674785,
    "procrustes": 4.044400691986084
  },
  "layer_3": {
    "loss": 0.9280883358065466,
    "metric": 0.804388576469291,
    "mknn": 0.0399169921875,
    "cka": 0.023372432217001915,
    "svcca": 0.1123504484525663,
    "procrustes": 4.986333847045898
  },
  "layer_4": {
    "loss": 0.7987443225033667,
    "metric": 0.828095710662697,
    "mknn": 0.04058837890625,
    "cka": 0.028357846662402153,
    "svcca": 0.11213618668701178,
    "procrustes": 5.619333267211914
  },
  "layer_5": {
    "loss": 0.7597525772415643,
    "metric": 0.8379093615613629,
    "mknn": 0.04290771484375,
    "cka": 0.028242407366633415,
    "svcca": 0.1321161414627076,
    "procrustes": 6.614553451538086
  },
  "layer_6": {
    "loss": 0.7216715579381257,
    "metric": 0.8427610541404785,
    "mknn": 0.04730224609375,
    "cka": 0.03994482755661011,
    "svcca": 0.12189684018208591,
    "procrustes": 9.713203430175781
  },
  "layer_7": {
    "loss": 0.6932946760878163,
    "metric": 0.852243907817841,
    "mknn": 0.046966552734375,
    "cka": 0.053493913263082504,
    "svcca": 0.1292526160631373,
    "procrustes": 12.35721206665039
  },
  "layer_8": {
    "loss": 0.7284392000788239,
    "metric": 0.8849928327268718,
    "mknn": 0.230987548828125,
    "cka": 0.403737336397171,
    "svcca": 0.40734899245247885,
    "procrustes": 10.529180526733398
  },
  "layer_9": {
    "loss": 1.027400881767808,
    "metric": 0.8913882456720696,
    "mknn": 0.21429443359375,
    "cka": 0.31569427251815796,
    "svcca": 0.34790068763719456,
    "procrustes": 19.375957489013672
  },
  "layer_10": {
    "loss": 1.3808796952236548,
    "metric": 0.9029661484176866,
    "mknn": 0.290924072265625,
    "cka": 0.40379035472869873,
    "svcca": 0.43652200512537,
    "procrustes": 22.282630920410156
  },
  "layer_11": {
    "loss": 4.015554898207467,
    "metric": 0.9118976733928769,
    "mknn": 0.3480224609375,
    "cka": 0.44878682494163513,
    "svcca": 0.516260584864884,
    "procrustes": 22.30147361755371
  },
  "layer_12": {
    "loss": 9.250416483487713,
    "metric": 0.9088102326607124,
    "mknn": 0.379730224609375,
    "cka": 0.4639436900615692,
    "svcca": 0.4148895644670666,
    "procrustes": 23.188465118408203
  }
}