{
  "layer_1": {
    "loss": 0.2443957168763885,
    "metric": 0.10973212954192295,
    "mknn": 0.031829833984375,
    "cka": 0.014265943318605423,
    "svcca": 0.1143578755074238,
    "procrustes": 2.4556117057800293
  },
  "layer_2": {
    "loss": 0.2120121597486027,
    "metric": 0.2821797476512716,
    "mknn": 0.0333251953125,
    "cka": 0.02201000414788723,
    "svcca": 0.1197550705595544,
    "procrustes": 3.8005383014678955
  },
  "layer_3": {
    "loss": 0.19862486791720926,
    "metric": 0.3960327249780732,
    "mknn": 0.0352783203125,
    "cka": 0.04037855938076973,
    "svcca": 0.1381320682630209,
    "procrustes": 5.091269016265869
  },
  "layer_4": {
    "loss": 0.19154961153474537,
    "metric": 0.45802221244876423,
    "mknn": 0.03668212890625,
    "cka": 0.04440244287252426,
    "svcca": 0.13955598077548723,
    "procrustes": 5.86989688873291
  },
  "layer_5": {
    "loss": 0.19491780956831112,
    "metric": 0.485131788029903,
    "mknn": 0.03692626953125,
    "cka": 0.0471235066652298,
    "svcca": 0.14320032713171535,
    "procrustes": 7.621933460235596
  },
  "layer_6": {
    "loss": 0.19385372824358463,
    "metric": 0.4907366250999535,
    "mknn": 0.040008544921875,
    "cka": 0.05096088722348213,
    "svcca": 0.14952686960278125,
    "procrustes": 10.417282104492188
  },
  "layer_7": {
    "loss": 0.19009584815274402,
    "metric": 0.5044988751754027,
    "mknn": 0.040985107421875,
    "cka": 0.06413360685110092,
    "svcca": 0.1614423200201585,
    "procrustes": 13.3204984664917
  },
  "layer_8": {
    "loss": 0.20955920237789535,
    "metric": 0.4793229884603293,
    "mknn": 0.2501220703125,
    "cka": 0.6666228771209717,
    "svcca": 0.5523559787236361,
    "procrustes": 11.644813537597656
  },
  "layer_9": {
    "loss": 0.20092510092194166,
    "metric": 0.5140969262297578,
    "mknn": 0.180938720703125,
    "cka": 0.5493078231811523,
    "svcca": 0.5135831116999174,
    "procrustes": 17.433237075805664
  },
  "layer_10": {
    "loss": 0.2149470654389432,
    "metric": 0.5099231240839653,
    "mknn": 0.260345458984375,
    "cka": 0.62422114610672,
    "svcca": 0.6340407100087906,
    "procrustes": 19.96879005432129
  },
  "layer_11": {
    "loss": 0.25582984945118337,
    "metric": 0.530097124316338,
    "mknn": 0.459564208984375,
    "cka": 0.753662109375,
    "svcca": 0.7743297459878096,
    "procrustes": 22.284942626953125
  },
  "layer_12": {
    "loss": 0.27251292976374253,
    "metric": 0.5408373286901548,
    "mknn": 0.5791015625,
    "cka": 0.7861745357513428,
    "svcca": 0.8177044748941407,
    "procrustes": 18.447002410888672
  }
}