{
  "layer_1": {
    "loss": 0.24421421967687887,
    "metric": 0.11043665538525918,
    "mknn": 0.03387451171875,
    "cka": 0.010260557755827904,
    "svcca": 0.11207228690307333,
    "procrustes": 2.4146060943603516
  },
  "layer_2": {
    "loss": 0.21208807865074492,
    "metric": 0.28456877341825354,
    "mknn": 0.03253173828125,
    "cka": 0.019349796697497368,
    "svcca": 0.12370718385948157,
    "procrustes": 3.8034119606018066
  },
  "layer_3": {
    "loss": 0.19901871249561867,
    "metric": 0.39495252507672524,
    "mknn": 0.033660888671875,
    "cka": 0.03735186532139778,
    "svcca": 0.14511420115027027,
    "procrustes": 5.003746032714844
  },
  "layer_4": {
    "loss": 0.19256158815969487,
    "metric": 0.4553058215777856,
    "mknn": 0.03643798828125,
    "cka": 0.04455788433551788,
    "svcca": 0.1400755353001373,
    "procrustes": 5.8489909172058105
  },
  "layer_5": {
    "loss": 0.19480945548768772,
    "metric": 0.47937686511283334,
    "mknn": 0.035186767578125,
    "cka": 0.052946992218494415,
    "svcca": 0.14448385738507555,
    "procrustes": 7.489087104797363
  },
  "layer_6": {
    "loss": 0.1942464709970727,
    "metric": 0.48705605671048563,
    "mknn": 0.03814697265625,
    "cka": 0.058152519166469574,
    "svcca": 0.15173092097316626,
    "procrustes": 10.22768783569336
  },
  "layer_7": {
    "loss": 0.19001926952407613,
    "metric": 0.5030348190558012,
    "mknn": 0.039459228515625,
    "cka": 0.0652066171169281,
    "svcca": 0.1588096984585018,
    "procrustes": 13.05854606628418
  },
  "layer_8": {
    "loss": 0.2064356010734392,
    "metric": 0.4799998081099623,
    "mknn": 0.265960693359375,
    "cka": 0.6694494485855103,
    "svcca": 0.5795624125286891,
    "procrustes": 11.559886932373047
  },
  "layer_9": {
    "loss": 0.2000988580068381,
    "metric": 0.519152953039071,
    "mknn": 0.191680908203125,
    "cka": 0.5818877220153809,
    "svcca": 0.5098430539298902,
    "procrustes": 17.662200927734375
  },
  "layer_10": {
    "loss": 0.21889900591781217,
    "metric": 0.5016539418638085,
    "mknn": 0.26678466796875,
    "cka": 0.6625888347625732,
    "svcca": 0.6741621770402523,
    "procrustes": 19.54458999633789
  },
  "layer_11": {
    "loss": 0.2616923563354555,
    "metric": 0.5280793445841719,
    "mknn": 0.48406982421875,
    "cka": 0.7339718341827393,
    "svcca": 0.7652974317636487,
    "procrustes": 21.614961624145508
  },
  "layer_12": {
    "loss": 0.27177580797295725,
    "metric": 0.5417390922671773,
    "mknn": 0.589996337890625,
    "cka": 0.7878511548042297,
    "svcca": 0.8459849870502198,
    "procrustes": 17.884790420532227
  }
}