{
  "layer_1": {
    "loss": 1.3718938476075886,
    "metric": 0.7489249090307641,
    "mknn": 0.0340576171875,
    "cka": 0.008585342206060886,
    "svcca": 0.09620710900767636,
    "procrustes": 3.3730645179748535
  },
  "layer_2": {
    "loss": 0.9923792632290112,
    "metric": 0.7987650237071342,
    "mknn": 0.0367431640625,
    "cka": 0.021055130288004875,
    "svcca": 0.10719792203377532,
    "procrustes": 4.1077704429626465
  },
  "layer_3": {
    "loss": 0.928730339559232,
    "metric": 0.8035064505458154,
    "mknn": 0.039642333984375,
    "cka": 0.025905674323439598,
    "svcca": 0.1103276380199382,
    "procrustes": 5.0799994468688965
  },
  "layer_4": {
    "loss": 0.8092361259704531,
    "metric": 0.8278751791818282,
    "mknn": 0.03936767578125,
    "cka": 0.029995573684573174,
    "svcca": 0.11590655915865597,
    "procrustes": 5.569923400878906
  },
  "layer_5": {
    "loss": 0.7787208814527905,
    "metric": 0.8350424523100672,
    "mknn": 0.0438232421875,
    "cka": 0.03443077206611633,
    "svcca": 0.13102777955825812,
    "procrustes": 6.473748683929443
  },
  "layer_6": {
    "loss": 0.7209762987341239,
    "metric": 0.8422097254383063,
    "mknn": 0.04833984375,
    "cka": 0.04352873936295509,
    "svcca": 0.12843205381793782,
    "procrustes": 9.11269760131836
  },
  "layer_7": {
    "loss": 0.6892408584086968,
    "metric": 0.8513617818943654,
    "mknn": 0.048553466796875,
    "cka": 0.05948067456483841,
    "svcca": 0.13177771425166446,
    "procrustes": 11.8228759765625
  },
  "layer_8": {
    "loss": 0.7387502473474021,
    "metric": 0.8824567206968795,
    "mknn": 0.26202392578125,
    "cka": 0.47640177607536316,
    "svcca": 0.489508604060529,
    "procrustes": 10.110377311706543
  },
  "layer_9": {
    "loss": 1.0560747362256053,
    "metric": 0.8909471827103319,
    "mknn": 0.214630126953125,
    "cka": 0.3217048645019531,
    "svcca": 0.326323446380696,
    "procrustes": 19.781700134277344
  },
  "layer_10": {
    "loss": 1.4570860964143806,
    "metric": 0.8994376447237843,
    "mknn": 0.2974853515625,
    "cka": 0.39858824014663696,
    "svcca": 0.49660273012930817,
    "procrustes": 22.011188507080078
  },
  "layer_11": {
    "loss": 4.2721775440976915,
    "metric": 0.9040688058220311,
    "mknn": 0.34747314453125,
    "cka": 0.4417053163051605,
    "svcca": 0.5652212357743049,
    "procrustes": 22.440998077392578
  },
  "layer_12": {
    "loss": 9.346121823323868,
    "metric": 0.9095820928437535,
    "mknn": 0.366302490234375,
    "cka": 0.45624926686286926,
    "svcca": 0.4819991193313074,
    "procrustes": 23.183982849121094
  }
}