{
  "layer_1": {
    "loss": 0.6746280639966329,
    "metric": 0.5757963709677419,
    "mknn": 0.0399169921875,
    "cka": 0.011788045056164265,
    "svcca": 0.1284190259447462,
    "procrustes": 3.4147865772247314
  },
  "layer_2": {
    "loss": 0.6871835188070933,
    "metric": 0.5897965542521995,
    "mknn": 0.04559326171875,
    "cka": 0.03403905779123306,
    "svcca": 0.13260823754903392,
    "procrustes": 4.049935340881348
  },
  "layer_3": {
    "loss": 0.7662139752308528,
    "metric": 0.6123428335777126,
    "mknn": 0.04510498046875,
    "cka": 0.032286494970321655,
    "svcca": 0.11832745762161048,
    "procrustes": 5.054995536804199
  },
  "layer_4": {
    "loss": 0.7131053035259247,
    "metric": 0.6237156341642229,
    "mknn": 0.04437255859375,
    "cka": 0.03232702985405922,
    "svcca": 0.1368130640927631,
    "procrustes": 5.78449010848999
  },
  "layer_5": {
    "loss": 0.7367102294762929,
    "metric": 0.6384654508797654,
    "mknn": 0.042816162109375,
    "cka": 0.03405030816793442,
    "svcca": 0.1225418789360023,
    "procrustes": 6.910464286804199
  },
  "layer_6": {
    "loss": 0.8052651149829229,
    "metric": 0.6500861436950147,
    "mknn": 0.045928955078125,
    "cka": 0.02202441915869713,
    "svcca": 0.14565618714816878,
    "procrustes": 9.859975814819336
  },
  "layer_7": {
    "loss": 0.7975511027177175,
    "metric": 0.6542022543988271,
    "mknn": 0.0438232421875,
    "cka": 0.01635775901377201,
    "svcca": 0.1359618861283302,
    "procrustes": 13.861907005310059
  },
  "layer_8": {
    "loss": 0.781665580590566,
    "metric": 0.6888324780058651,
    "mknn": 0.15399169921875,
    "cka": 0.10011754930019379,
    "svcca": 0.4892635718052663,
    "procrustes": 14.622529029846191
  },
  "layer_9": {
    "loss": 0.8953616276780765,
    "metric": 0.6929989919354839,
    "mknn": 0.103729248046875,
    "cka": 0.06066234037280083,
    "svcca": 0.34097154353327863,
    "procrustes": 21.248830795288086
  },
  "layer_10": {
    "loss": 2.080894691152498,
    "metric": 0.7343580461876832,
    "mknn": 0.13348388671875,
    "cka": 0.11537522077560425,
    "svcca": 0.4267883893011118,
    "procrustes": 28.3276309967041
  },
  "layer_11": {
    "loss": 1.7764702566208628,
    "metric": 0.7405354197214076,
    "mknn": 0.120880126953125,
    "cka": 0.18510861694812775,
    "svcca": 0.3809254521888564,
    "procrustes": 31.343120574951172
  },
  "layer_12": {
    "loss": 3.1551181256695804,
    "metric": 0.7429554618768329,
    "mknn": 0.15435791015625,
    "cka": 0.35309407114982605,
    "svcca": 0.4157937224572116,
    "procrustes": 24.875186920166016
  }
}