{
  "layer_1": {
    "loss": 1.4026734189013745,
    "metric": 0.7418679016429596,
    "mknn": 0.033172607421875,
    "cka": 0.007882063277065754,
    "svcca": 0.09614559614475943,
    "procrustes": 3.3452646732330322
  },
  "layer_2": {
    "loss": 0.9763199076815335,
    "metric": 0.8046091079501599,
    "mknn": 0.037689208984375,
    "cka": 0.02024332992732525,
    "svcca": 0.10123998705102592,
    "procrustes": 4.023156642913818
  },
  "layer_3": {
    "loss": 0.9254212635725316,
    "metric": 0.8071452199801522,
    "mknn": 0.04150390625,
    "cka": 0.024180829524993896,
    "svcca": 0.12086376156120789,
    "procrustes": 4.923139572143555
  },
  "layer_4": {
    "loss": 0.8057668688567438,
    "metric": 0.8291983680670416,
    "mknn": 0.04095458984375,
    "cka": 0.03127278760075569,
    "svcca": 0.12328861443417745,
    "procrustes": 5.5309739112854
  },
  "layer_5": {
    "loss": 0.7638624378355184,
    "metric": 0.8369169698974529,
    "mknn": 0.0433349609375,
    "cka": 0.03437243029475212,
    "svcca": 0.12681615713345,
    "procrustes": 6.46096134185791
  },
  "layer_6": {
    "loss": 0.7081138844371546,
    "metric": 0.8481640754217664,
    "mknn": 0.048797607421875,
    "cka": 0.0430692695081234,
    "svcca": 0.13204904588668376,
    "procrustes": 9.482553482055664
  },
  "layer_7": {
    "loss": 0.6724753520017803,
    "metric": 0.8551108170691366,
    "mknn": 0.050140380859375,
    "cka": 0.058258067816495895,
    "svcca": 0.14454914522498322,
    "procrustes": 11.883734703063965
  },
  "layer_8": {
    "loss": 0.7815113487147639,
    "metric": 0.8806924688499284,
    "mknn": 0.270660400390625,
    "cka": 0.4605303406715393,
    "svcca": 0.47175572082034056,
    "procrustes": 9.738531112670898
  },
  "layer_9": {
    "loss": 0.9259937456076657,
    "metric": 0.8975631271363987,
    "mknn": 0.218017578125,
    "cka": 0.3208140730857849,
    "svcca": 0.34467417004139533,
    "procrustes": 19.41225242614746
  },
  "layer_10": {
    "loss": 1.349372622847907,
    "metric": 0.9007608336089977,
    "mknn": 0.28387451171875,
    "cka": 0.38801929354667664,
    "svcca": 0.46133964794267185,
    "procrustes": 22.246299743652344
  },
  "layer_11": {
    "loss": 3.894137401292769,
    "metric": 0.9019737567537766,
    "mknn": 0.346527099609375,
    "cka": 0.43093717098236084,
    "svcca": 0.5279588462126269,
    "procrustes": 23.063600540161133
  },
  "layer_12": {
    "loss": 7.8679845906508445,
    "metric": 0.9067151835924578,
    "mknn": 0.375030517578125,
    "cka": 0.4624037444591522,
    "svcca": 0.5092102645192684,
    "procrustes": 23.1788330078125
  }
}