{
  "layer_1": {
    "loss": 1.766937907252993,
    "metric": 0.6964384165839673,
    "mknn": 0.032745361328125,
    "cka": 0.00705996248871088,
    "svcca": 0.09263270120613194,
    "procrustes": 3.264559507369995
  },
  "layer_2": {
    "loss": 1.09869807887645,
    "metric": 0.7889513728084684,
    "mknn": 0.039886474609375,
    "cka": 0.02471376582980156,
    "svcca": 0.11707037025348384,
    "procrustes": 4.096134662628174
  },
  "layer_3": {
    "loss": 0.8879664733848244,
    "metric": 0.8194949829088103,
    "mknn": 0.04278564453125,
    "cka": 0.035397570580244064,
    "svcca": 0.10188165743826971,
    "procrustes": 6.352489948272705
  },
  "layer_4": {
    "loss": 0.6504938819435815,
    "metric": 0.8617267614952034,
    "mknn": 0.162933349609375,
    "cka": 0.37779513001441956,
    "svcca": 0.4131573965393061,
    "procrustes": 18.78104591369629
  },
  "layer_5": {
    "loss": 0.640324589772958,
    "metric": 0.8800308744073216,
    "mknn": 0.178070068359375,
    "cka": 0.3135231137275696,
    "svcca": 0.44017720340855665,
    "procrustes": 21.572690963745117
  },
  "layer_6": {
    "loss": 1.0282448788778134,
    "metric": 0.8825669864373139,
    "mknn": 0.29925537109375,
    "cka": 0.42162591218948364,
    "svcca": 0.5180206046332322,
    "procrustes": 22.8099365234375
  },
  "layer_7": {
    "loss": 1.1060908763117112,
    "metric": 0.8814643290329695,
    "mknn": 0.3175048828125,
    "cka": 0.43652454018592834,
    "svcca": 0.5022509798228632,
    "procrustes": 21.214401245117188
  },
  "layer_8": {
    "loss": 1.0650070748907956,
    "metric": 0.886536553092954,
    "mknn": 0.3304443359375,
    "cka": 0.4281298816204071,
    "svcca": 0.46811492082865264,
    "procrustes": 21.59072494506836
  },
  "layer_9": {
    "loss": 1.1667292231706823,
    "metric": 0.8799206086668871,
    "mknn": 0.328857421875,
    "cka": 0.4200402796268463,
    "svcca": 0.4853070530297,
    "procrustes": 22.12849998474121
  },
  "layer_10": {
    "loss": 1.631104968995617,
    "metric": 0.881354063292535,
    "mknn": 0.320404052734375,
    "cka": 0.37888845801353455,
    "svcca": 0.4489887389867886,
    "procrustes": 22.599576950073242
  },
  "layer_11": {
    "loss": 3.3935531238430534,
    "metric": 0.8824567206968795,
    "mknn": 0.311676025390625,
    "cka": 0.3377062976360321,
    "svcca": 0.37598340433927435,
    "procrustes": 23.573596954345703
  },
  "layer_12": {
    "loss": 4.063216876165402,
    "metric": 0.882346454956445,
    "mknn": 0.29864501953125,
    "cka": 0.22967739403247833,
    "svcca": 0.2763531724666179,
    "procrustes": 29.19753074645996
  }
}