{
  "layer_1": {
    "loss": 0.6748395357131958,
    "metric": 0.5733073680351906,
    "mknn": 0.04132080078125,
    "cka": 0.005279362667351961,
    "svcca": 0.11461244901020165,
    "procrustes": 3.099269151687622
  },
  "layer_2": {
    "loss": 0.6763026473522187,
    "metric": 0.5976438782991202,
    "mknn": 0.047882080078125,
    "cka": 0.0525723397731781,
    "svcca": 0.13049799062249132,
    "procrustes": 3.9323813915252686
  },
  "layer_3": {
    "loss": 0.7346929743289947,
    "metric": 0.6254279692082111,
    "mknn": 0.045745849609375,
    "cka": 0.04526645317673683,
    "svcca": 0.14968619413350098,
    "procrustes": 6.036833763122559
  },
  "layer_4": {
    "loss": 0.7265582320690155,
    "metric": 0.6723808651026394,
    "mknn": 0.109954833984375,
    "cka": 0.2086137980222702,
    "svcca": 0.32919059432158404,
    "procrustes": 20.02106475830078
  },
  "layer_5": {
    "loss": 0.7654809172153473,
    "metric": 0.6882665872434017,
    "mknn": 0.08697509765625,
    "cka": 0.15818828344345093,
    "svcca": 0.2834703005119543,
    "procrustes": 23.06342124938965
  },
  "layer_6": {
    "loss": 1.3458464114665984,
    "metric": 0.7242040872434018,
    "mknn": 0.0914306640625,
    "cka": 0.15209878981113434,
    "svcca": 0.33010260725117735,
    "procrustes": 25.069395065307617
  },
  "layer_7": {
    "loss": 1.5229702696800231,
    "metric": 0.7226063049853372,
    "mknn": 0.10382080078125,
    "cka": 0.21404002606868744,
    "svcca": 0.3819866423037856,
    "procrustes": 26.695066452026367
  },
  "layer_8": {
    "loss": 1.4730777688026429,
    "metric": 0.7276525843108503,
    "mknn": 0.10931396484375,
    "cka": 0.2270786315202713,
    "svcca": 0.41001475960311967,
    "procrustes": 26.478334426879883
  },
  "layer_9": {
    "loss": 1.901021861076355,
    "metric": 0.7255773460410557,
    "mknn": 0.11572265625,
    "cka": 0.25525838136672974,
    "svcca": 0.3927582862412432,
    "procrustes": 26.732881546020508
  },
  "layer_10": {
    "loss": 2.1276178908348085,
    "metric": 0.7237266312316715,
    "mknn": 0.115509033203125,
    "cka": 0.27137237787246704,
    "svcca": 0.38245532941092675,
    "procrustes": 26.660093307495117
  },
  "layer_11": {
    "loss": 2.5629789214134218,
    "metric": 0.7218083302785924,
    "mknn": 0.104217529296875,
    "cka": 0.2538536489009857,
    "svcca": 0.3699695365007654,
    "procrustes": 26.77543830871582
  },
  "layer_12": {
    "loss": 2.4458286538124083,
    "metric": 0.7108845766129033,
    "mknn": 0.091583251953125,
    "cka": 0.19388048350811005,
    "svcca": 0.30296320275036,
    "procrustes": 26.441804885864258
  }
}