{
  "layer_1": {
    "loss": 0.6745132946968079,
    "metric": 0.5736576704545454,
    "mknn": 0.039947509765625,
    "cka": 0.005338511895388365,
    "svcca": 0.10992319388617226,
    "procrustes": 3.1208760738372803
  },
  "layer_2": {
    "loss": 0.6728578889369965,
    "metric": 0.6007189332844575,
    "mknn": 0.04766845703125,
    "cka": 0.04453422501683235,
    "svcca": 0.13389822764447437,
    "procrustes": 3.911043882369995
  },
  "layer_3": {
    "loss": 0.7252601301670074,
    "metric": 0.6256909824046921,
    "mknn": 0.045501708984375,
    "cka": 0.03569737449288368,
    "svcca": 0.1541455115400191,
    "procrustes": 6.047945022583008
  },
  "layer_4": {
    "loss": 0.7062200338840484,
    "metric": 0.6565492118768329,
    "mknn": 0.109954833984375,
    "cka": 0.2090318202972412,
    "svcca": 0.34683405420829116,
    "procrustes": 18.427993774414062
  },
  "layer_5": {
    "loss": 0.7091216704845429,
    "metric": 0.6746178519061583,
    "mknn": 0.08294677734375,
    "cka": 0.15866050124168396,
    "svcca": 0.2762236755606717,
    "procrustes": 21.360107421875
  },
  "layer_6": {
    "loss": 0.9038977303504944,
    "metric": 0.7086093291788856,
    "mknn": 0.092193603515625,
    "cka": 0.15009240806102753,
    "svcca": 0.37718516136791513,
    "procrustes": 23.219987869262695
  },
  "layer_7": {
    "loss": 0.7968005759716034,
    "metric": 0.7153851264662757,
    "mknn": 0.110504150390625,
    "cka": 0.22504360973834991,
    "svcca": 0.404974529168218,
    "procrustes": 25.33431053161621
  },
  "layer_8": {
    "loss": 0.8059578433036804,
    "metric": 0.7222035373900294,
    "mknn": 0.1141357421875,
    "cka": 0.24045085906982422,
    "svcca": 0.4187895805555863,
    "procrustes": 25.202516555786133
  },
  "layer_9": {
    "loss": 0.8922734119892121,
    "metric": 0.7196806268328446,
    "mknn": 0.12078857421875,
    "cka": 0.27142420411109924,
    "svcca": 0.40151648171926196,
    "procrustes": 25.64796257019043
  },
  "layer_10": {
    "loss": 0.8041474463939666,
    "metric": 0.7211459860703812,
    "mknn": 0.124114990234375,
    "cka": 0.2834596335887909,
    "svcca": 0.42712810541203616,
    "procrustes": 25.944604873657227
  },
  "layer_11": {
    "loss": 0.8842021505832672,
    "metric": 0.7242334127565982,
    "mknn": 0.1162109375,
    "cka": 0.27962037920951843,
    "svcca": 0.40041364592572437,
    "procrustes": 25.966005325317383
  },
  "layer_12": {
    "loss": 0.8195258541107178,
    "metric": 0.7166188599706744,
    "mknn": 0.11065673828125,
    "cka": 0.265602171421051,
    "svcca": 0.347899296051754,
    "procrustes": 24.18230438232422
  }
}