{
  "layer_1": {
    "loss": 0.2585391438639109,
    "metric": 0.057472909482966836,
    "mknn": 0.033782958984375,
    "cka": 0.008161836303770542,
    "svcca": 0.10570948060106197,
    "procrustes": 1.9894742965698242
  },
  "layer_2": {
    "loss": 0.20820284095777344,
    "metric": 0.30491209758661997,
    "mknn": 0.033905029296875,
    "cka": 0.02260141633450985,
    "svcca": 0.1314078307287407,
    "procrustes": 4.141111373901367
  },
  "layer_3": {
    "loss": 0.19529724176028906,
    "metric": 0.43512447269739063,
    "mknn": 0.0345458984375,
    "cka": 0.03417246788740158,
    "svcca": 0.14451656000758384,
    "procrustes": 6.114418029785156
  },
  "layer_4": {
    "loss": 0.19667953778109792,
    "metric": 0.4609484282907085,
    "mknn": 0.16522216796875,
    "cka": 0.37634778022766113,
    "svcca": 0.4874104596448797,
    "procrustes": 11.139397621154785
  },
  "layer_5": {
    "loss": 0.19116790424431523,
    "metric": 0.48853088401092576,
    "mknn": 0.184600830078125,
    "cka": 0.410258024930954,
    "svcca": 0.5335283028956707,
    "procrustes": 11.77818775177002
  },
  "layer_6": {
    "loss": 0.19620445758653676,
    "metric": 0.5338582050933577,
    "mknn": 0.30255126953125,
    "cka": 0.6809579730033875,
    "svcca": 0.6284652324337192,
    "procrustes": 13.336187362670898
  },
  "layer_7": {
    "loss": 0.19853743042127328,
    "metric": 0.5408972477327034,
    "mknn": 0.359710693359375,
    "cka": 0.7290489673614502,
    "svcca": 0.6486037714558603,
    "procrustes": 13.826491355895996
  },
  "layer_8": {
    "loss": 0.19416059505554936,
    "metric": 0.5234239788617986,
    "mknn": 0.37908935546875,
    "cka": 0.7296016812324524,
    "svcca": 0.6940726242465096,
    "procrustes": 14.35840129852295
  },
  "layer_9": {
    "loss": 0.19743469426159485,
    "metric": 0.5220405090887922,
    "mknn": 0.38031005859375,
    "cka": 0.6999704241752625,
    "svcca": 0.7046818053552177,
    "procrustes": 15.428079605102539
  },
  "layer_10": {
    "loss": 0.20325064727787598,
    "metric": 0.5377159112339264,
    "mknn": 0.386383056640625,
    "cka": 0.6663970947265625,
    "svcca": 0.7319861232081087,
    "procrustes": 17.926172256469727
  },
  "layer_11": {
    "loss": 0.24461850709354824,
    "metric": 0.540107799847828,
    "mknn": 0.368560791015625,
    "cka": 0.5760653614997864,
    "svcca": 0.654862152528795,
    "procrustes": 22.547338485717773
  },
  "layer_12": {
    "loss": 0.23036774381789193,
    "metric": 0.5429813045650171,
    "mknn": 0.3360595703125,
    "cka": 0.4447387158870697,
    "svcca": 0.6352711542068741,
    "procrustes": 29.519336700439453
  }
}