{
  "layer_1": {
    "loss": 0.6740793576240539,
    "metric": 0.5736872250733138,
    "mknn": 0.040740966796875,
    "cka": 0.006230711936950684,
    "svcca": 0.11681644088075252,
    "procrustes": 3.068413496017456
  },
  "layer_2": {
    "loss": 0.6734384553432464,
    "metric": 0.5939775018328446,
    "mknn": 0.0458984375,
    "cka": 0.05533665046095848,
    "svcca": 0.13717064862499861,
    "procrustes": 3.750048875808716
  },
  "layer_3": {
    "loss": 0.7265017285346985,
    "metric": 0.6238521810850439,
    "mknn": 0.047454833984375,
    "cka": 0.04654022306203842,
    "svcca": 0.1519946988340268,
    "procrustes": 5.854779243469238
  },
  "layer_4": {
    "loss": 0.7112103688716889,
    "metric": 0.6671833760997068,
    "mknn": 0.112335205078125,
    "cka": 0.19020824134349823,
    "svcca": 0.30475744134063343,
    "procrustes": 17.7498722076416
  },
  "layer_5": {
    "loss": 0.7189463763237,
    "metric": 0.6787160923753666,
    "mknn": 0.082061767578125,
    "cka": 0.12589077651500702,
    "svcca": 0.2519358857594423,
    "procrustes": 20.723464965820312
  },
  "layer_6": {
    "loss": 0.899979236125946,
    "metric": 0.7120656158357772,
    "mknn": 0.097412109375,
    "cka": 0.15592528879642487,
    "svcca": 0.3323765140943195,
    "procrustes": 21.948942184448242
  },
  "layer_7": {
    "loss": 0.8221048560142518,
    "metric": 0.7176392961876832,
    "mknn": 0.114837646484375,
    "cka": 0.22006794810295105,
    "svcca": 0.3979256431297057,
    "procrustes": 23.5347957611084
  },
  "layer_8": {
    "loss": 0.8370333108901977,
    "metric": 0.7238453079178887,
    "mknn": 0.119171142578125,
    "cka": 0.2352421134710312,
    "svcca": 0.4014339896237925,
    "procrustes": 23.296613693237305
  },
  "layer_9": {
    "loss": 0.8909810900688171,
    "metric": 0.72205232771261,
    "mknn": 0.128143310546875,
    "cka": 0.27015647292137146,
    "svcca": 0.41101062288831053,
    "procrustes": 23.762117385864258
  },
  "layer_10": {
    "loss": 0.8908709275722504,
    "metric": 0.7236693548387096,
    "mknn": 0.128936767578125,
    "cka": 0.283324271440506,
    "svcca": 0.4584883514000898,
    "procrustes": 23.99456787109375
  },
  "layer_11": {
    "loss": 1.016413787841797,
    "metric": 0.7227721774193548,
    "mknn": 0.121002197265625,
    "cka": 0.27377480268478394,
    "svcca": 0.41949414234145505,
    "procrustes": 23.824430465698242
  },
  "layer_12": {
    "loss": 0.9485230114459992,
    "metric": 0.7142219574780058,
    "mknn": 0.115020751953125,
    "cka": 0.243793323636055,
    "svcca": 0.3708821590018533,
    "procrustes": 23.346174240112305
  }
}