{
  "layer_1": {
    "loss": 0.2570267720019213,
    "metric": 0.06047546306096425,
    "mknn": 0.031707763671875,
    "cka": 0.010500292293727398,
    "svcca": 0.10149860772562469,
    "procrustes": 2.0680854320526123
  },
  "layer_2": {
    "loss": 0.20861120995837973,
    "metric": 0.30029943007572346,
    "mknn": 0.033721923828125,
    "cka": 0.02330956421792507,
    "svcca": 0.137189549017511,
    "procrustes": 4.120484828948975
  },
  "layer_3": {
    "loss": 0.19701405315904574,
    "metric": 0.43704865660204484,
    "mknn": 0.033416748046875,
    "cka": 0.0347188338637352,
    "svcca": 0.14103028440918364,
    "procrustes": 6.044108867645264
  },
  "layer_4": {
    "loss": 0.19989569306648272,
    "metric": 0.46197552263441877,
    "mknn": 0.160186767578125,
    "cka": 0.3692207932472229,
    "svcca": 0.49820919557128995,
    "procrustes": 11.657794952392578
  },
  "layer_5": {
    "loss": 0.19659661570314987,
    "metric": 0.4929045460148275,
    "mknn": 0.171905517578125,
    "cka": 0.3959682881832123,
    "svcca": 0.5394448903685877,
    "procrustes": 12.30921745300293
  },
  "layer_6": {
    "loss": 0.20843773870836205,
    "metric": 0.5397123404808167,
    "mknn": 0.29315185546875,
    "cka": 0.657876193523407,
    "svcca": 0.6195415377492373,
    "procrustes": 15.051186561584473
  },
  "layer_7": {
    "loss": 0.21391202399532916,
    "metric": 0.536088455189148,
    "mknn": 0.348907470703125,
    "cka": 0.7136810421943665,
    "svcca": 0.6784412884801506,
    "procrustes": 14.172395706176758
  },
  "layer_8": {
    "loss": 0.20786584433048003,
    "metric": 0.525668891013115,
    "mknn": 0.37200927734375,
    "cka": 0.7197553515434265,
    "svcca": 0.6599562975881212,
    "procrustes": 14.714581489562988
  },
  "layer_9": {
    "loss": 0.21129477865272953,
    "metric": 0.5296112755421359,
    "mknn": 0.37481689453125,
    "cka": 0.7092770338058472,
    "svcca": 0.679627870986174,
    "procrustes": 15.728586196899414
  },
  "layer_10": {
    "loss": 0.22141486001179514,
    "metric": 0.5405708616053204,
    "mknn": 0.376007080078125,
    "cka": 0.6644378304481506,
    "svcca": 0.711978427564808,
    "procrustes": 17.97504997253418
  },
  "layer_11": {
    "loss": 0.2591087598405126,
    "metric": 0.5415595998600363,
    "mknn": 0.359619140625,
    "cka": 0.5611389875411987,
    "svcca": 0.6802565474691511,
    "procrustes": 22.704980850219727
  },
  "layer_12": {
    "loss": 0.2727787407449863,
    "metric": 0.54416390712312,
    "mknn": 0.3341064453125,
    "cka": 0.4217614531517029,
    "svcca": 0.6254725156625762,
    "procrustes": 30.03704833984375
  }
}