{
  "layer_1": {
    "loss": 1.797283920503798,
    "metric": 0.6901532693792038,
    "mknn": 0.03411865234375,
    "cka": 0.006072654388844967,
    "svcca": 0.0941207520655083,
    "procrustes": 3.3041796684265137
  },
  "layer_2": {
    "loss": 1.0777637975871879,
    "metric": 0.7909361561362884,
    "mknn": 0.039093017578125,
    "cka": 0.0253679770976305,
    "svcca": 0.11415609451365019,
    "procrustes": 4.2700581550598145
  },
  "layer_3": {
    "loss": 0.8779501118278378,
    "metric": 0.8221413606792369,
    "mknn": 0.0418701171875,
    "cka": 0.0345597118139267,
    "svcca": 0.10708355943905987,
    "procrustes": 6.692262649536133
  },
  "layer_4": {
    "loss": 0.6176166790475941,
    "metric": 0.869004300363877,
    "mknn": 0.1688232421875,
    "cka": 0.4015745222568512,
    "svcca": 0.40593654830099224,
    "procrustes": 18.78020668029785
  },
  "layer_5": {
    "loss": 0.6441129820024664,
    "metric": 0.8817951262542728,
    "mknn": 0.17822265625,
    "cka": 0.298664927482605,
    "svcca": 0.4182271484363869,
    "procrustes": 21.650392532348633
  },
  "layer_6": {
    "loss": 1.0255833217626171,
    "metric": 0.880361671628625,
    "mknn": 0.315765380859375,
    "cka": 0.4253348112106323,
    "svcca": 0.4613106396962802,
    "procrustes": 22.694198608398438
  },
  "layer_7": {
    "loss": 1.0637054060364275,
    "metric": 0.880361671628625,
    "mknn": 0.33184814453125,
    "cka": 0.442813903093338,
    "svcca": 0.5249629363595436,
    "procrustes": 21.02873992919922
  },
  "layer_8": {
    "loss": 1.046770696334364,
    "metric": 0.8842209725438306,
    "mknn": 0.331085205078125,
    "cka": 0.42321738600730896,
    "svcca": 0.45273588113114743,
    "procrustes": 21.524343490600586
  },
  "layer_9": {
    "loss": 1.1673231175492922,
    "metric": 0.8785974197816738,
    "mknn": 0.331756591796875,
    "cka": 0.40941715240478516,
    "svcca": 0.4560151111525205,
    "procrustes": 22.151193618774414
  },
  "layer_10": {
    "loss": 1.523418938669762,
    "metric": 0.8820156577351417,
    "mknn": 0.324371337890625,
    "cka": 0.37309232354164124,
    "svcca": 0.4003803548780672,
    "procrustes": 22.527448654174805
  },
  "layer_11": {
    "loss": 3.1672765235838116,
    "metric": 0.8760613077516816,
    "mknn": 0.314666748046875,
    "cka": 0.33654138445854187,
    "svcca": 0.3771556134549755,
    "procrustes": 23.627714157104492
  },
  "layer_12": {
    "loss": 3.819961310771822,
    "metric": 0.8788179512625427,
    "mknn": 0.30364990234375,
    "cka": 0.23655982315540314,
    "svcca": 0.27955487944238866,
    "procrustes": 29.020374298095703
  }
}