{
  "layer_1": {
    "loss": 1.7483362973367096,
    "metric": 0.7005182489800419,
    "mknn": 0.03387451171875,
    "cka": 0.007081702351570129,
    "svcca": 0.09639402556805943,
    "procrustes": 3.262240409851074
  },
  "layer_2": {
    "loss": 1.0830287557272684,
    "metric": 0.7929209394641085,
    "mknn": 0.0391845703125,
    "cka": 0.02518230862915516,
    "svcca": 0.11742251993687561,
    "procrustes": 4.095762252807617
  },
  "layer_3": {
    "loss": 0.8691534559641566,
    "metric": 0.8240158782666226,
    "mknn": 0.04107666015625,
    "cka": 0.03470860421657562,
    "svcca": 0.1143028125332259,
    "procrustes": 6.351317405700684
  },
  "layer_4": {
    "loss": 0.6297978817013452,
    "metric": 0.8680119086999669,
    "mknn": 0.153472900390625,
    "cka": 0.37826967239379883,
    "svcca": 0.40027049926923297,
    "procrustes": 18.80961799621582
  },
  "layer_5": {
    "loss": 0.629021072402971,
    "metric": 0.8802514058881905,
    "mknn": 0.175048828125,
    "cka": 0.3130796253681183,
    "svcca": 0.45746779714418173,
    "procrustes": 21.53719139099121
  },
  "layer_6": {
    "loss": 0.9623664848188234,
    "metric": 0.8815745947734039,
    "mknn": 0.29718017578125,
    "cka": 0.4051077663898468,
    "svcca": 0.4860311741514227,
    "procrustes": 22.775066375732422
  },
  "layer_7": {
    "loss": 0.987838230902315,
    "metric": 0.8828977836586173,
    "mknn": 0.3126220703125,
    "cka": 0.4116743505001068,
    "svcca": 0.5089087885915459,
    "procrustes": 21.03876495361328
  },
  "layer_8": {
    "loss": 1.0167521962444355,
    "metric": 0.8831183151394861,
    "mknn": 0.324737548828125,
    "cka": 0.40329715609550476,
    "svcca": 0.43465426449187483,
    "procrustes": 21.450563430786133
  },
  "layer_9": {
    "loss": 1.1120332841149334,
    "metric": 0.8808027345903627,
    "mknn": 0.328643798828125,
    "cka": 0.39813488721847534,
    "svcca": 0.4402424998357454,
    "procrustes": 21.988624572753906
  },
  "layer_10": {
    "loss": 1.4349547125800195,
    "metric": 0.8847723012460028,
    "mknn": 0.315704345703125,
    "cka": 0.36100873351097107,
    "svcca": 0.4038659567390185,
    "procrustes": 22.707719802856445
  },
  "layer_11": {
    "loss": 2.8892804688649925,
    "metric": 0.8784871540412393,
    "mknn": 0.311767578125,
    "cka": 0.3325124680995941,
    "svcca": 0.35934779202663725,
    "procrustes": 23.696697235107422
  },
  "layer_12": {
    "loss": 3.472817487078933,
    "metric": 0.8851030984673062,
    "mknn": 0.30413818359375,
    "cka": 0.23456747829914093,
    "svcca": 0.2862803725854366,
    "procrustes": 29.09307861328125
  }
}