{
  "layer_1": {
    "loss": 0.2570077612103405,
    "metric": 0.05905834887472627,
    "mknn": 0.03228759765625,
    "cka": 0.006325903814285994,
    "svcca": 0.10142823464906234,
    "procrustes": 2.0507774353027344
  },
  "layer_2": {
    "loss": 0.20839007679493196,
    "metric": 0.30395366071160146,
    "mknn": 0.03375244140625,
    "cka": 0.021691789850592613,
    "svcca": 0.14345028271571303,
    "procrustes": 4.133868217468262
  },
  "layer_3": {
    "loss": 0.19502961422715867,
    "metric": 0.4293424659162304,
    "mknn": 0.035003662109375,
    "cka": 0.03394445404410362,
    "svcca": 0.14909598209329947,
    "procrustes": 5.9357829093933105
  },
  "layer_4": {
    "loss": 0.19667189406909152,
    "metric": 0.46043980822093805,
    "mknn": 0.1572265625,
    "cka": 0.36629658937454224,
    "svcca": 0.48552117272976203,
    "procrustes": 11.242152214050293
  },
  "layer_5": {
    "loss": 0.19174900966855238,
    "metric": 0.4863036001335181,
    "mknn": 0.169036865234375,
    "cka": 0.42392826080322266,
    "svcca": 0.5235818306034833,
    "procrustes": 11.604684829711914
  },
  "layer_6": {
    "loss": 0.19894634084218107,
    "metric": 0.5314231003091932,
    "mknn": 0.28826904296875,
    "cka": 0.6437936425209045,
    "svcca": 0.6035580228750881,
    "procrustes": 13.503399848937988
  },
  "layer_7": {
    "loss": 0.19915966023497866,
    "metric": 0.5303547702357985,
    "mknn": 0.349395751953125,
    "cka": 0.702091634273529,
    "svcca": 0.6353265143552406,
    "procrustes": 13.894474029541016
  },
  "layer_8": {
    "loss": 0.195983080201984,
    "metric": 0.5174819585778271,
    "mknn": 0.37286376953125,
    "cka": 0.707904577255249,
    "svcca": 0.7146863576000666,
    "procrustes": 14.546749114990234
  },
  "layer_9": {
    "loss": 0.19801446599757067,
    "metric": 0.5211068350351942,
    "mknn": 0.377044677734375,
    "cka": 0.6851446032524109,
    "svcca": 0.7005588765939053,
    "procrustes": 15.494836807250977
  },
  "layer_10": {
    "loss": 0.20162942538613,
    "metric": 0.5397767222816047,
    "mknn": 0.38128662109375,
    "cka": 0.6462544202804565,
    "svcca": 0.7409461600465828,
    "procrustes": 17.947467803955078
  },
  "layer_11": {
    "loss": 0.2516988699199967,
    "metric": 0.5338951081396244,
    "mknn": 0.36224365234375,
    "cka": 0.5542425513267517,
    "svcca": 0.6661137016203692,
    "procrustes": 22.755605697631836
  },
  "layer_12": {
    "loss": 0.23016277992505632,
    "metric": 0.5329979819855337,
    "mknn": 0.332000732421875,
    "cka": 0.43814101815223694,
    "svcca": 0.655233032910486,
    "procrustes": 29.773847579956055
  }
}