{
  "layer_1": {
    "loss": 0.6766954469680786,
    "loss_std": 0.00015016482953110434,
    "metric": 0.5688261394183773,
    "metric_std": 0.0004153777880036211,
    "cka": 0.010047170954445997,
    "cka_std": 0.0010168343142951198,
    "mknn": 0.039866129557291664,
    "mknn_std": 0.00020140574008405894,
    "svcca": 0.11162461224957389,
    "svcca_std": 0.0016471660509300994,
    "procrustes": 3.481277863184611,
    "procrustes_std": 0.03674888340733032
  },
  "layer_2": {
    "loss": 0.6770783314704895,
    "loss_std": 0.00030732696159912635,
    "metric": 0.5800707172531769,
    "metric_std": 0.0010369976781771555,
    "cka": 0.026070415352781613,
    "cka_std": 0.001896108551017825,
    "mknn": 0.044718424479166664,
    "mknn_std": 0.0004897624966312957,
    "svcca": 0.12181911462039517,
    "svcca_std": 0.0035998700343433617,
    "procrustes": 4.162752787272136,
    "procrustes_std": 0.04922790871981908
  },
  "layer_3": {
    "loss": 0.6988928236166636,
    "loss_std": 0.0003669691428925659,
    "metric": 0.6073622311827956,
    "metric_std": 0.0007420393677244381,
    "cka": 0.030753660947084427,
    "cka_std": 0.0016994331737001426,
    "mknn": 0.0443115234375,
    "mknn_std": 0.0005464833991928424,
    "svcca": 0.11288037762126502,
    "svcca_std": 0.0017157598507443494,
    "procrustes": 5.4472401936848955,
    "procrustes_std": 0.11838505851307171
  },
  "layer_4": {
    "loss": 0.680905923048655,
    "loss_std": 0.0020365659786064035,
    "metric": 0.6202195595063539,
    "metric_std": 0.0012692357745424042,
    "cka": 0.04647515465815862,
    "cka_std": 0.0020297885929912675,
    "mknn": 0.045125325520833336,
    "mknn_std": 3.806210720595236e-05,
    "svcca": 0.14073837337812214,
    "svcca_std": 0.0019517668591292107,
    "procrustes": 5.940474669138591,
    "procrustes_std": 0.14100236283423864
  },
  "layer_5": {
    "loss": 0.7131963167190553,
    "loss_std": 0.0032874496899631786,
    "metric": 0.6298786504154448,
    "metric_std": 0.0007426390427582513,
    "cka": 0.04735489562153816,
    "cka_std": 0.0009513505568017765,
    "mknn": 0.045369466145833336,
    "mknn_std": 0.0006556348894987801,
    "svcca": 0.14194616882274827,
    "svcca_std": 0.00460251109947953,
    "procrustes": 7.585920492808024,
    "procrustes_std": 0.13024315221061386
  },
  "layer_6": {
    "loss": 0.811391730149587,
    "loss_std": 0.0051073095811113465,
    "metric": 0.6358380681818182,
    "metric_std": 0.0024117509324092525,
    "cka": 0.04614709069331487,
    "cka_std": 0.0006554694730635759,
    "mknn": 0.048004150390625,
    "mknn_std": 0.0004964776343551607,
    "svcca": 0.11999662184880237,
    "svcca_std": 0.0031289648290616125,
    "procrustes": 9.570589065551758,
    "procrustes_std": 0.233536614735887
  },
  "layer_7": {
    "loss": 0.762367722829183,
    "loss_std": 0.004740896397742139,
    "metric": 0.6474735764907136,
    "metric_std": 0.001651070433704338,
    "cka": 0.06187486772735914,
    "cka_std": 0.0034546882595294683,
    "mknn": 0.045511881510416664,
    "mknn_std": 0.0011227630403985894,
    "svcca": 0.13948268961440177,
    "svcca_std": 0.002484057464393471,
    "procrustes": 13.793848037719727,
    "procrustes_std": 0.4026531267942953
  },
  "layer_8": {
    "loss": 0.7954744539260865,
    "loss_std": 0.012796839812004388,
    "metric": 0.6609218444525905,
    "metric_std": 0.0012040307066598444,
    "cka": 0.07021126647790273,
    "cka_std": 0.002982035560601193,
    "mknn": 0.047037760416666664,
    "mknn_std": 0.00017677965491722376,
    "svcca": 0.15461158355293092,
    "svcca_std": 0.00828090562988736,
    "procrustes": 15.564461708068848,
    "procrustes_std": 0.4266957503162316
  },
  "layer_9": {
    "loss": 0.8750040540695191,
    "loss_std": 0.025578199861399878,
    "metric": 0.6692077529325512,
    "metric_std": 0.0013182801230629774,
    "cka": 0.07186705867449443,
    "cka_std": 0.0018215836246797466,
    "mknn": 0.047281901041666664,
    "mknn_std": 0.0008817884494128147,
    "svcca": 0.14268516966361225,
    "svcca_std": 0.004401679039539084,
    "procrustes": 21.186075846354168,
    "procrustes_std": 0.3986507238095759
  },
  "layer_10": {
    "loss": 0.923103199760119,
    "loss_std": 0.065240042144243,
    "metric": 0.7090739552785924,
    "metric_std": 0.0018138516397734814,
    "cka": 0.5978460311889648,
    "cka_std": 0.00298694074223134,
    "mknn": 0.264556884765625,
    "mknn_std": 0.008727422662164856,
    "svcca": 0.5967283915928334,
    "svcca_std": 0.01056404826273319,
    "procrustes": 18.39993158976237,
    "procrustes_std": 1.3661741601636916
  },
  "layer_11": {
    "loss": 1.7057919246753057,
    "loss_std": 0.17665012318160728,
    "metric": 0.7543648429863148,
    "metric_std": 0.0016313094361689868,
    "cka": 0.3296484450499217,
    "cka_std": 0.0026603894746811112,
    "mknn": 0.184539794921875,
    "mknn_std": 0.002154895439930387,
    "svcca": 0.42807768839542826,
    "svcca_std": 0.0195762907476351,
    "procrustes": 26.014448165893555,
    "procrustes_std": 0.9586637531858082
  },
  "layer_12": {
    "loss": 1.9342228424549102,
    "loss_std": 0.15213799234664008,
    "metric": 0.7592026362414467,
    "metric_std": 0.0021550498412624217,
    "cka": 0.31190867225329083,
    "cka_std": 0.01468918367778229,
    "mknn": 0.17015584309895834,
    "mknn_std": 0.007514694992581101,
    "svcca": 0.41728168203567856,
    "svcca_std": 0.010632830296125408,
    "procrustes": 23.039352416992188,
    "procrustes_std": 0.5455374652730233
  }
}