{
  "layer_1": {
    "loss": 1.6463805730906325,
    "loss_std": 0.008680439478206379,
    "metric": 0.7094130187084207,
    "metric_std": 0.0023030029327482686,
    "cka": 0.011247800663113594,
    "cka_std": 0.0008352312100144358,
    "mknn": 0.034596761067708336,
    "mknn_std": 0.0006084837414037346,
    "svcca": 0.09459567963288174,
    "svcca_std": 0.0026359977492848444,
    "procrustes": 3.535593589146932,
    "procrustes_std": 0.0500780110644627
  },
  "layer_2": {
    "loss": 1.1734595793370006,
    "loss_std": 0.011884992382919658,
    "metric": 0.7823354283824017,
    "metric_std": 0.0023666497639585685,
    "cka": 0.017182276273767155,
    "cka_std": 0.0006962321788279278,
    "mknn": 0.038848876953125,
    "mknn_std": 0.000785197774064246,
    "svcca": 0.10727369880158515,
    "svcca_std": 0.00365992109295106,
    "procrustes": 4.120390256245931,
    "procrustes_std": 0.015804846603356758
  },
  "layer_3": {
    "loss": 0.9913464294486997,
    "loss_std": 0.012999875616842353,
    "metric": 0.8102326607123166,
    "metric_std": 0.0015697545855156909,
    "cka": 0.023283811286091805,
    "cka_std": 0.0009158074069556419,
    "mknn": 0.040008544921875,
    "mknn_std": 0.0002601463186145919,
    "svcca": 0.12222181161861478,
    "svcca_std": 0.005969579407019336,
    "procrustes": 5.020302931467692,
    "procrustes_std": 0.10505146575651891
  },
  "layer_4": {
    "loss": 0.8483850728766417,
    "loss_std": 0.011491363524027645,
    "metric": 0.8305950674458779,
    "metric_std": 0.002492320139400072,
    "cka": 0.026113704467813175,
    "cka_std": 0.0008481425954384159,
    "mknn": 0.039398193359375,
    "mknn_std": 0.0001387347584735703,
    "svcca": 0.10925057208030899,
    "svcca_std": 0.000815324468411953,
    "procrustes": 5.478806336720784,
    "procrustes_std": 0.019556928295608546
  },
  "layer_5": {
    "loss": 0.7659803157445615,
    "loss_std": 0.009981470717193838,
    "metric": 0.836622927922961,
    "metric_std": 0.0011470935078712983,
    "cka": 0.028845322628815968,
    "cka_std": 0.00025248863083607195,
    "mknn": 0.044586181640625,
    "mknn_std": 0.00047539556663199554,
    "svcca": 0.11472622556960811,
    "svcca_std": 0.005462871929191287,
    "procrustes": 6.913503805796306,
    "procrustes_std": 0.038984698998776345
  },
  "layer_6": {
    "loss": 0.7469827922182635,
    "loss_std": 0.014234034136846558,
    "metric": 0.8361451097144116,
    "metric_std": 0.00267531743817075,
    "cka": 0.03345006704330444,
    "cka_std": 0.001002719776423557,
    "mknn": 0.042795817057291664,
    "mknn_std": 0.0014457160226023888,
    "svcca": 0.10195910673546231,
    "svcca_std": 0.01248359661884801,
    "procrustes": 9.535720189412435,
    "procrustes_std": 0.11872082519880081
  },
  "layer_7": {
    "loss": 0.6271068766184242,
    "loss_std": 0.005812607653576885,
    "metric": 0.8595214466865144,
    "metric_std": 0.0016674085672383737,
    "cka": 0.048204708844423294,
    "cka_std": 0.0008454579542776971,
    "mknn": 0.048726399739583336,
    "mknn_std": 0.0003773445025836468,
    "svcca": 0.1284231473793804,
    "svcca_std": 0.003015249129827916,
    "procrustes": 13.296454747517904,
    "procrustes_std": 0.16957676824555393
  },
  "layer_8": {
    "loss": 0.5151523911117821,
    "loss_std": 0.00297032593465938,
    "metric": 0.8871246370419378,
    "metric_std": 0.0005994599342191437,
    "cka": 0.07804263631502788,
    "cka_std": 0.0006462107167197985,
    "mknn": 0.06989542643229167,
    "mknn_std": 0.0009247492006317962,
    "svcca": 0.14696943993943742,
    "svcca_std": 0.007076615470816579,
    "procrustes": 15.658706029256185,
    "procrustes_std": 0.12236685862245583
  },
  "layer_9": {
    "loss": 0.5306414359640459,
    "loss_std": 0.0011841041205544703,
    "metric": 0.895982651523505,
    "metric_std": 0.0011400053235763596,
    "cka": 0.10551125556230545,
    "cka_std": 0.001685456134051368,
    "mknn": 0.088592529296875,
    "mknn_std": 0.0009806863814286319,
    "svcca": 0.18162253783723192,
    "svcca_std": 0.0057226774708525885,
    "procrustes": 19.783571243286133,
    "procrustes_std": 0.056122658297108906
  },
  "layer_10": {
    "loss": 0.5382766727076173,
    "loss_std": 0.004785154930665684,
    "metric": 0.916712610725181,
    "metric_std": 0.0009626787851441831,
    "cka": 0.63673335313797,
    "cka_std": 0.008279262035590353,
    "mknn": 0.3916829427083333,
    "mknn_std": 0.002575357345159534,
    "svcca": 0.5732740723290599,
    "svcca_std": 0.01459381392103599,
    "procrustes": 16.83509890238444,
    "procrustes_std": 0.2236960595079971
  },
  "layer_11": {
    "loss": 0.9617968737565733,
    "loss_std": 0.022365134326085837,
    "metric": 0.917080163193296,
    "metric_std": 0.0005622471621559953,
    "cka": 0.5990578333536783,
    "cka_std": 0.0054708532278077695,
    "mknn": 0.4126078287760417,
    "mknn_std": 0.004341249886897892,
    "svcca": 0.5219575383090306,
    "svcca_std": 0.009707564953570714,
    "procrustes": 18.647267659505207,
    "procrustes_std": 0.14739962190410946
  },
  "layer_12": {
    "loss": 2.6618404162473412,
    "loss_std": 0.09496178602179538,
    "metric": 0.9074870437754989,
    "metric_std": 0.0009528048955648241,
    "cka": 0.49478910366694134,
    "cka_std": 0.0065313540138800166,
    "mknn": 0.4055379231770833,
    "mknn_std": 0.005145347738327133,
    "svcca": 0.42182619682119354,
    "svcca_std": 0.015152398851569722,
    "procrustes": 24.18770472208659,
    "procrustes_std": 0.09822239409991916
  }
}