{
  "layer_1": {
    "loss": 0.2539040858981796,
    "loss_std": 0.00026379033874731136,
    "metric": 0.06938135542389147,
    "metric_std": 0.0005177269231591839,
    "cka": 0.011381461595495542,
    "cka_std": 0.0009078032825131559,
    "mknn": 0.031361897786458336,
    "mknn_std": 0.0004610298337249618,
    "svcca": 0.10823891640019519,
    "svcca_std": 0.004877916179600465,
    "procrustes": 2.3141611417134604,
    "procrustes_std": 0.029999812583107823
  },
  "layer_2": {
    "loss": 0.2206660095035755,
    "loss_std": 0.0006446166547788577,
    "metric": 0.2067464450761214,
    "metric_std": 0.003321490508100903,
    "cka": 0.019747593129674595,
    "cka_std": 0.00031077162779387585,
    "mknn": 0.033477783203125,
    "mknn_std": 0.0003762459718608994,
    "svcca": 0.12328283631641833,
    "svcca_std": 0.00170825882971188,
    "procrustes": 3.641404072443644,
    "procrustes_std": 0.025965345560410157
  },
  "layer_3": {
    "loss": 0.20058195801099873,
    "loss_std": 7.853846761019628e-05,
    "metric": 0.3479481568748925,
    "metric_std": 0.006037572998760159,
    "cka": 0.03441635146737099,
    "cka_std": 0.002052231401900602,
    "mknn": 0.034932454427083336,
    "mknn_std": 0.0009033523874631073,
    "svcca": 0.13685042336508357,
    "svcca_std": 0.006380197054968968,
    "procrustes": 4.910139242808024,
    "procrustes_std": 0.07594275993905802
  },
  "layer_4": {
    "loss": 0.1939700309032669,
    "loss_std": 0.00044830290666143357,
    "metric": 0.41640566697614645,
    "metric_std": 0.001388034331771535,
    "cka": 0.0432495524485906,
    "cka_std": 0.0018208368196757571,
    "mknn": 0.037923177083333336,
    "mknn_std": 0.001022022508350131,
    "svcca": 0.14915971118704677,
    "svcca_std": 0.0024538820423470453,
    "procrustes": 5.51829719543457,
    "procrustes_std": 0.08202788145627153
  },
  "layer_5": {
    "loss": 0.19316944656192617,
    "loss_std": 0.0009333006047048608,
    "metric": 0.4611605709707547,
    "metric_std": 0.0039062334455832585,
    "cka": 0.0468725860118866,
    "cka_std": 0.001749128611359678,
    "mknn": 0.036895751953125,
    "mknn_std": 0.0005632677490196586,
    "svcca": 0.15179812914409768,
    "svcca_std": 0.0004891624110024251,
    "procrustes": 7.297314643859863,
    "procrustes_std": 0.13520954324745355
  },
  "layer_6": {
    "loss": 0.1958941519489303,
    "loss_std": 0.0006780925418846686,
    "metric": 0.46945744262686023,
    "metric_std": 0.006667002874658152,
    "cka": 0.06165389344096184,
    "cka_std": 0.0009342539678686073,
    "mknn": 0.038564046223958336,
    "mknn_std": 0.0007460006558145794,
    "svcca": 0.15361410386383864,
    "svcca_std": 0.002297166031953347,
    "procrustes": 9.389701843261719,
    "procrustes_std": 0.41556439953094837
  },
  "layer_7": {
    "loss": 0.19323475441441926,
    "loss_std": 0.002028312821247676,
    "metric": 0.48939361021819744,
    "metric_std": 0.003943056473693824,
    "cka": 0.07147830228010814,
    "cka_std": 0.0025277908664402414,
    "mknn": 0.039306640625,
    "mknn_std": 0.0005148946425310776,
    "svcca": 0.16053140562851198,
    "svcca_std": 0.008692658717629035,
    "procrustes": 12.674225171407064,
    "procrustes_std": 0.42820729653703
  },
  "layer_8": {
    "loss": 0.18962094329652332,
    "loss_std": 0.00340777039531957,
    "metric": 0.5165822360464493,
    "metric_std": 0.001986271050523229,
    "cka": 0.08377000192801158,
    "cka_std": 0.002645844405333555,
    "mknn": 0.041290283203125,
    "mknn_std": 0.0005220795662579891,
    "svcca": 0.17503809140323479,
    "svcca_std": 0.0027397958491846776,
    "procrustes": 14.487215995788574,
    "procrustes_std": 0.5831067097035207
  },
  "layer_9": {
    "loss": 0.19514533138037093,
    "loss_std": 0.005079235280487487,
    "metric": 0.5162422724221021,
    "metric_std": 0.002072004222509441,
    "cka": 0.0930457388361295,
    "cka_std": 0.0038275263755735865,
    "mknn": 0.0462646484375,
    "mknn_std": 0.0010521559296794362,
    "svcca": 0.1802439994574736,
    "svcca_std": 0.003214613471852342,
    "procrustes": 20.805144627888996,
    "procrustes_std": 0.6297072605094584
  },
  "layer_10": {
    "loss": 0.20002110577124055,
    "loss_std": 0.006742850574092573,
    "metric": 0.5589709166072581,
    "metric_std": 0.0029863078553382352,
    "cka": 0.7585582931836446,
    "cka_std": 0.029340431781291535,
    "mknn": 0.412811279296875,
    "mknn_std": 0.012061896615428306,
    "svcca": 0.712034651124069,
    "svcca_std": 0.027746449545609692,
    "procrustes": 17.446354548136394,
    "procrustes_std": 0.6848052797747394
  },
  "layer_11": {
    "loss": 0.21137638463311115,
    "loss_std": 0.008331742391933175,
    "metric": 0.5680504513896736,
    "metric_std": 0.0012586390249708734,
    "cka": 0.8186613321304321,
    "cka_std": 0.01244673131846266,
    "mknn": 0.5287373860677084,
    "mknn_std": 0.013919547303953858,
    "svcca": 0.7646079104449727,
    "svcca_std": 0.01805634513836713,
    "procrustes": 15.90225092569987,
    "procrustes_std": 0.7416305153638787
  },
  "layer_12": {
    "loss": 0.25586172269969126,
    "loss_std": 0.019621152595701925,
    "metric": 0.5551972642316639,
    "metric_std": 0.003570930571344846,
    "cka": 0.7725605368614197,
    "cka_std": 0.025360078651023674,
    "mknn": 0.5993245442708334,
    "mknn_std": 0.021515943472998577,
    "svcca": 0.7984267603870626,
    "svcca_std": 0.032963023263441874,
    "procrustes": 19.9810365041097,
    "procrustes_std": 1.0608963882258038
  }
}