{
  "layer_1": {
    "loss": 0.6776499865849813,
    "loss_std": 0.00038403013972115955,
    "metric": 0.5657458150048876,
    "metric_std": 0.0007471601955807136,
    "cka": 0.004931418225169182,
    "cka_std": 6.738831461570831e-05,
    "mknn": 0.038218180338541664,
    "mknn_std": 0.0006324988426395595,
    "svcca": 0.11895303003105594,
    "svcca_std": 0.0029612633610735695,
    "procrustes": 3.5808369318644204,
    "procrustes_std": 0.04725290695466067
  },
  "layer_2": {
    "loss": 0.6751176172892253,
    "loss_std": 0.00024019062362853828,
    "metric": 0.595985612170088,
    "metric_std": 0.0013310468769294674,
    "cka": 0.019345121458172798,
    "cka_std": 0.002301742328960921,
    "mknn": 0.045705159505208336,
    "mknn_std": 0.0005108593558548877,
    "svcca": 0.11490319007489343,
    "svcca_std": 0.0034594830118234838,
    "procrustes": 4.2746907869974775,
    "procrustes_std": 0.06907393070364341
  },
  "layer_3": {
    "loss": 0.7109674470424651,
    "loss_std": 0.0013357561067866197,
    "metric": 0.6105840664711631,
    "metric_std": 0.0008916903709221248,
    "cka": 0.021184785291552544,
    "cka_std": 0.0020106004572883816,
    "mknn": 0.044993082682291664,
    "mknn_std": 0.0008704496852734947,
    "svcca": 0.13192876553628077,
    "svcca_std": 0.0060980179791526095,
    "procrustes": 5.347463607788086,
    "procrustes_std": 0.050328371364579315
  },
  "layer_4": {
    "loss": 0.698902336359024,
    "loss_std": 0.002160855513255316,
    "metric": 0.6214173998044966,
    "metric_std": 0.0016461831376493297,
    "cka": 0.031872748086849846,
    "cka_std": 0.00016025989738149195,
    "mknn": 0.045267740885416664,
    "mknn_std": 0.0008129115000002868,
    "svcca": 0.1445639809894245,
    "svcca_std": 0.004310806326438412,
    "procrustes": 6.117075284322103,
    "procrustes_std": 0.05678432893423922
  },
  "layer_5": {
    "loss": 0.7305896278222401,
    "loss_std": 0.00268057740664562,
    "metric": 0.646281616568915,
    "metric_std": 0.0027950117572096253,
    "cka": 0.04151587560772896,
    "cka_std": 0.0003934816015070403,
    "mknn": 0.047027587890625,
    "mknn_std": 0.00032678992521584086,
    "svcca": 0.14471198494268447,
    "svcca_std": 0.003150568979791733,
    "procrustes": 8.93115202585856,
    "procrustes_std": 0.1628341088436399
  },
  "layer_6": {
    "loss": 0.8531965060234069,
    "loss_std": 0.002695703452435216,
    "metric": 0.6562874205767351,
    "metric_std": 0.0009024484728493575,
    "cka": 0.04756105815370878,
    "cka_std": 0.0008275162572183285,
    "mknn": 0.046824137369791664,
    "mknn_std": 0.0007351013901830919,
    "svcca": 0.15193311474278734,
    "svcca_std": 0.0034758430122603773,
    "procrustes": 15.28404172261556,
    "procrustes_std": 0.19989642307830685
  },
  "layer_7": {
    "loss": 1.0179142614603043,
    "loss_std": 0.025223659761297184,
    "metric": 0.7239936155913979,
    "metric_std": 0.0033754645762525985,
    "cka": 0.4026931623617808,
    "cka_std": 0.005926929055020033,
    "mknn": 0.183563232421875,
    "mknn_std": 0.0060021179454652455,
    "svcca": 0.44946782440859084,
    "svcca_std": 0.013258487347544272,
    "procrustes": 18.008887608846027,
    "procrustes_std": 0.3016085834762813
  },
  "layer_8": {
    "loss": 0.9963097781340281,
    "loss_std": 0.02547461347021838,
    "metric": 0.7266867515884652,
    "metric_std": 0.003978609788995046,
    "cka": 0.14063101013501486,
    "cka_std": 0.026261326843460463,
    "mknn": 0.12884521484375,
    "mknn_std": 0.00714280850104391,
    "svcca": 0.3873134729728675,
    "svcca_std": 0.011489540395794784,
    "procrustes": 19.931267420450848,
    "procrustes_std": 0.4231997117167359
  },
  "layer_9": {
    "loss": 1.5773773879210156,
    "loss_std": 0.07655739685394373,
    "metric": 0.742796004398827,
    "metric_std": 0.0022394791086799647,
    "cka": 0.1887320578098297,
    "cka_std": 0.015472750204611588,
    "mknn": 0.16261800130208334,
    "mknn_std": 0.0026667932316428154,
    "svcca": 0.4528996764226738,
    "svcca_std": 0.027488470012520874,
    "procrustes": 22.995404561360676,
    "procrustes_std": 0.2768127384284785
  },
  "layer_10": {
    "loss": 1.615632870435715,
    "loss_std": 0.09862553374587948,
    "metric": 0.7474062194525904,
    "metric_std": 0.0017553513867216855,
    "cka": 0.16133832931518555,
    "cka_std": 0.005868753494030084,
    "mknn": 0.14717610677083334,
    "mknn_std": 0.0033043959849515625,
    "svcca": 0.44262819110578944,
    "svcca_std": 0.005729988035409198,
    "procrustes": 24.40043830871582,
    "procrustes_std": 0.2732598282587118
  },
  "layer_11": {
    "loss": 1.8629456282456716,
    "loss_std": 0.25599277152281374,
    "metric": 0.7449243951612904,
    "metric_std": 0.002203571294280534,
    "cka": 0.18782765169938406,
    "cka_std": 0.0012843292040876362,
    "mknn": 0.14112345377604166,
    "mknn_std": 0.0031935575827481233,
    "svcca": 0.43994464307434167,
    "svcca_std": 0.014315018367091235,
    "procrustes": 24.50677998860677,
    "procrustes_std": 0.264291142818808
  },
  "layer_12": {
    "loss": 2.3147612319787343,
    "loss_std": 0.07803329893900127,
    "metric": 0.7368413214809385,
    "metric_std": 0.004102159978594708,
    "cka": 0.17271738251050314,
    "cka_std": 0.001316027490834045,
    "mknn": 0.12109375,
    "mknn_std": 0.0031541064886973207,
    "svcca": 0.3861118029614145,
    "svcca_std": 0.00492357430154959,
    "procrustes": 25.4390926361084,
    "procrustes_std": 0.284753137083139
  }
}