{
  "layer_1": {
    "loss": 0.2577516413687195,
    "loss_std": 0.000301292936368789,
    "metric": 0.06106770140078096,
    "metric_std": 0.0006149762598192089,
    "cka": 0.010694022290408611,
    "cka_std": 0.0010736481780351255,
    "mknn": 0.031402587890625,
    "mknn_std": 0.0008085718566584332,
    "svcca": 0.0971254955231382,
    "svcca_std": 0.0024952428549225372,
    "procrustes": 2.1846121152242026,
    "procrustes_std": 0.026526160372820563
  },
  "layer_2": {
    "loss": 0.2076770164038179,
    "loss_std": 0.0006528410870489208,
    "metric": 0.3061607643728738,
    "metric_std": 0.0033897283051653056,
    "cka": 0.023453133180737495,
    "cka_std": 0.0007651361668972012,
    "mknn": 0.034413655598958336,
    "mknn_std": 0.0006329894688356138,
    "svcca": 0.1295516299684529,
    "svcca_std": 0.0019757272106281525,
    "procrustes": 4.259458223978679,
    "procrustes_std": 0.05812772514013587
  },
  "layer_3": {
    "loss": 0.19377872743822647,
    "loss_std": 0.0003257042974315099,
    "metric": 0.4250233788371212,
    "metric_std": 0.008708501175226424,
    "cka": 0.040878742933273315,
    "cka_std": 0.001274361361813227,
    "mknn": 0.035980224609375,
    "mknn_std": 0.00026252213339363485,
    "svcca": 0.1439909385270941,
    "svcca_std": 0.0052087597024635035,
    "procrustes": 5.3980631828308105,
    "procrustes_std": 0.12032226292765315
  },
  "layer_4": {
    "loss": 0.19044530337902443,
    "loss_std": 0.00011274060068688429,
    "metric": 0.4639846037008614,
    "metric_std": 0.005793158511391996,
    "cka": 0.04764594758550326,
    "cka_std": 0.0007139973536726132,
    "mknn": 0.038726806640625,
    "mknn_std": 0.0005202926372291838,
    "svcca": 0.1525221859322363,
    "svcca_std": 0.007297280571503007,
    "procrustes": 6.2999138832092285,
    "procrustes_std": 0.11834718162558532
  },
  "layer_5": {
    "loss": 0.19172167555985545,
    "loss_std": 0.0010731626498998615,
    "metric": 0.5087932942345014,
    "metric_std": 0.0036941790404398794,
    "cka": 0.05006163443128268,
    "cka_std": 0.002059477676786937,
    "mknn": 0.037923177083333336,
    "mknn_std": 0.00038948953692782894,
    "svcca": 0.15197311195333782,
    "svcca_std": 0.0031401027764840993,
    "procrustes": 11.065680821736654,
    "procrustes_std": 0.10073392234290046
  },
  "layer_6": {
    "loss": 0.19400875562209688,
    "loss_std": 0.0007412609319291023,
    "metric": 0.5211437257568393,
    "metric_std": 0.0033216372759251986,
    "cka": 0.0648968368768692,
    "cka_std": 0.001683458254206149,
    "mknn": 0.0408935546875,
    "mknn_std": 0.00015156722438304992,
    "svcca": 0.16520382472583459,
    "svcca_std": 0.0023697752926331176,
    "procrustes": 16.95609982808431,
    "procrustes_std": 0.04992807818932226
  },
  "layer_7": {
    "loss": 0.2023801980983643,
    "loss_std": 0.002544741737798718,
    "metric": 0.5344957779159878,
    "metric_std": 0.0007053190825080264,
    "cka": 0.4544442395369212,
    "cka_std": 0.004071726318495067,
    "mknn": 0.17625935872395834,
    "mknn_std": 0.010978592397955293,
    "svcca": 0.47483475368536715,
    "svcca_std": 0.02984671823424961,
    "procrustes": 19.261744181315105,
    "procrustes_std": 0.4635903535668137
  },
  "layer_8": {
    "loss": 0.2005030246145348,
    "loss_std": 0.001785805086777336,
    "metric": 0.5295814818129556,
    "metric_std": 0.002344619017049851,
    "cka": 0.38276755809783936,
    "cka_std": 0.024854608775876662,
    "mknn": 0.15301513671875,
    "mknn_std": 0.01899288797701734,
    "svcca": 0.48542017952022415,
    "svcca_std": 0.03773293595761525,
    "procrustes": 19.414332071940105,
    "procrustes_std": 0.21079957487895162
  },
  "layer_9": {
    "loss": 0.20860931621764292,
    "loss_std": 0.004045009628984973,
    "metric": 0.5263263182182967,
    "metric_std": 0.002273572594226043,
    "cka": 0.7967436114947001,
    "cka_std": 0.006982866364247325,
    "mknn": 0.4734395345052083,
    "mknn_std": 0.005891095940573649,
    "svcca": 0.7261840082653369,
    "svcca_std": 0.016714617732801532,
    "procrustes": 14.464342753092447,
    "procrustes_std": 0.8060610738111147
  },
  "layer_10": {
    "loss": 0.22165980003488048,
    "loss_std": 0.008943658127635494,
    "metric": 0.5433191502338056,
    "metric_std": 0.0017313003407604746,
    "cka": 0.7213936050732931,
    "cka_std": 0.021375058064284847,
    "mknn": 0.4194132486979167,
    "mknn_std": 0.009568978993074462,
    "svcca": 0.6731595388647111,
    "svcca_std": 0.015094304846447346,
    "procrustes": 16.594526290893555,
    "procrustes_std": 0.706034262763792
  },
  "layer_11": {
    "loss": 0.23449523653119755,
    "loss_std": 0.010132789596748444,
    "metric": 0.5446217871693334,
    "metric_std": 0.002507647823437967,
    "cka": 0.65205317735672,
    "cka_std": 0.019422965794959578,
    "mknn": 0.3837483723958333,
    "mknn_std": 0.01729257021117475,
    "svcca": 0.6614462361396884,
    "svcca_std": 0.025420165119704973,
    "procrustes": 19.209906260172527,
    "procrustes_std": 0.1610172480027074
  },
  "layer_12": {
    "loss": 0.2751408553297436,
    "loss_std": 0.014935668574612091,
    "metric": 0.535908005465371,
    "metric_std": 0.004925583370648637,
    "cka": 0.4734310706456502,
    "cka_std": 0.029223757846552158,
    "mknn": 0.3336079915364583,
    "mknn_std": 0.014999885503455563,
    "svcca": 0.5847188189912492,
    "svcca_std": 0.03264936307617311,
    "procrustes": 26.97975794474284,
    "procrustes_std": 0.1760132946091629
  }
}