{
  "layer_1": {
    "loss": 1.7354594268285828,
    "loss_std": 0.004494829256022727,
    "metric": 0.6943066122689014,
    "metric_std": 0.0008744350537266504,
    "cka": 0.004271928997089465,
    "cka_std": 0.00013909767383558209,
    "mknn": 0.031534830729166664,
    "mknn_std": 0.00048402413954143553,
    "svcca": 0.09903748095744114,
    "svcca_std": 0.0002960426352054662,
    "procrustes": 3.640878597895304,
    "procrustes_std": 0.03471526862232477
  },
  "layer_2": {
    "loss": 1.1287764850116913,
    "loss_std": 0.01971491970221393,
    "metric": 0.7851288271400744,
    "metric_std": 0.0017650174151568358,
    "cka": 0.014927292242646217,
    "cka_std": 3.8398516137133745e-05,
    "mknn": 0.037679036458333336,
    "mknn_std": 0.0003942428054825053,
    "svcca": 0.10384280965562964,
    "svcca_std": 0.0017599424350257444,
    "procrustes": 4.373514493306478,
    "procrustes_std": 0.127161836134453
  },
  "layer_3": {
    "loss": 0.8864006286838487,
    "loss_std": 0.0041511283638454265,
    "metric": 0.8221046054324255,
    "metric_std": 0.0006513046328764332,
    "cka": 0.021576231345534325,
    "cka_std": 0.0008303543498962232,
    "mknn": 0.039621988932291664,
    "mknn_std": 0.0005866646669635504,
    "svcca": 0.11214382436787719,
    "svcca_std": 0.003955843271534681,
    "procrustes": 5.62298059463501,
    "procrustes_std": 0.02229537565333455
  },
  "layer_4": {
    "loss": 0.7470183263498323,
    "loss_std": 0.0035348302824785055,
    "metric": 0.8402616973572977,
    "metric_std": 0.0015100995026408352,
    "cka": 0.03155082402129968,
    "cka_std": 0.0008446876730088547,
    "mknn": 0.042124430338541664,
    "mknn_std": 0.0002520652606885552,
    "svcca": 0.11997229495708334,
    "svcca_std": 0.0014598129326149204,
    "procrustes": 6.014008680979411,
    "procrustes_std": 0.03819323931261452
  },
  "layer_5": {
    "loss": 0.6732454976211492,
    "loss_std": 0.005195411204873578,
    "metric": 0.8526114602859559,
    "metric_std": 0.0008556949848805825,
    "cka": 0.04634683455030123,
    "cka_std": 0.0005361792257980511,
    "mknn": 0.047047932942708336,
    "mknn_std": 0.0006579981131508882,
    "svcca": 0.13146390489350238,
    "svcca_std": 0.0031596177188530183,
    "procrustes": 8.582002321879068,
    "procrustes_std": 0.10805100955888548
  },
  "layer_6": {
    "loss": 0.5647194548877534,
    "loss_std": 0.006875069280210842,
    "metric": 0.8762450839857389,
    "metric_std": 0.002047765395256278,
    "cka": 0.07268378138542175,
    "cka_std": 0.0005347950900913164,
    "mknn": 0.06547037760416667,
    "mknn_std": 0.00023017798866749594,
    "svcca": 0.16682940199955976,
    "svcca_std": 0.0029671245913762702,
    "procrustes": 16.051904678344727,
    "procrustes_std": 0.2629455949512594
  },
  "layer_7": {
    "loss": 0.6265659377649776,
    "loss_std": 0.001689498565242498,
    "metric": 0.8884845811739627,
    "metric_std": 0.0005994599342191437,
    "cka": 0.45388223727544147,
    "cka_std": 0.01090183412803914,
    "mknn": 0.317474365234375,
    "mknn_std": 0.0034748074391297533,
    "svcca": 0.47711386259355404,
    "svcca_std": 0.009373043178345204,
    "procrustes": 14.989279429117838,
    "procrustes_std": 0.13805367444457695
  },
  "layer_8": {
    "loss": 0.5866000784808677,
    "loss_std": 0.012068648320537426,
    "metric": 0.8990700922556695,
    "metric_std": 0.001228967067100435,
    "cka": 0.2976340750853221,
    "cka_std": 0.01883807951455927,
    "mknn": 0.269134521484375,
    "mknn_std": 0.001671702307698008,
    "svcca": 0.4561023390743993,
    "svcca_std": 0.01893628093478044,
    "procrustes": 18.2192325592041,
    "procrustes_std": 0.3598374355045936
  },
  "layer_9": {
    "loss": 1.1733794026732056,
    "loss_std": 0.026880128762112862,
    "metric": 0.9005770573749402,
    "metric_std": 0.001311910045030682,
    "cka": 0.5473970174789429,
    "cka_std": 0.007732823385910286,
    "mknn": 0.39141845703125,
    "mknn_std": 0.0008973759447322977,
    "svcca": 0.557889665010468,
    "svcca_std": 0.00965656670079718,
    "procrustes": 18.981674830118816,
    "procrustes_std": 0.24305489785373957
  },
  "layer_10": {
    "loss": 1.8803349564742418,
    "loss_std": 0.05961008387627073,
    "metric": 0.9021575329878339,
    "metric_std": 0.0005501021629395544,
    "cka": 0.5125705599784851,
    "cka_std": 0.00435464514062175,
    "mknn": 0.373870849609375,
    "mknn_std": 0.0018732921451687997,
    "svcca": 0.5470467273401884,
    "svcca_std": 0.013293556160699722,
    "procrustes": 19.650536219278973,
    "procrustes_std": 0.04423951956667787
  },
  "layer_11": {
    "loss": 3.180143989981026,
    "loss_std": 0.08519691750125404,
    "metric": 0.9055022604476789,
    "metric_std": 0.0023820122389120093,
    "cka": 0.46670760711034137,
    "cka_std": 0.002879770649975865,
    "mknn": 0.35845947265625,
    "mknn_std": 0.0018708047026359989,
    "svcca": 0.43949896003810845,
    "svcca_std": 0.0060326434114195,
    "procrustes": 21.17694091796875,
    "procrustes_std": 0.017764194750225032
  },
  "layer_12": {
    "loss": 4.7938770075122985,
    "loss_std": 0.17613756127562108,
    "metric": 0.9048039107582607,
    "metric_std": 0.0010665356804165724,
    "cka": 0.36718777815500897,
    "cka_std": 0.005355179497057385,
    "mknn": 0.33843994140625,
    "mknn_std": 0.001034301308794966,
    "svcca": 0.39615319478494,
    "svcca_std": 0.006181474959438018,
    "procrustes": 25.846617380777996,
    "procrustes_std": 0.037051312308409946
  }
}