{
  "layer_1": {
    "loss": 0.2535943209712956,
    "metric": 0.0689086471690607,
    "mknn": 0.031005859375,
    "cka": 0.010943072848021984,
    "svcca": 0.1144754787837132,
    "procrustes": 2.3228495121002197
  },
  "layer_2": {
    "loss": 0.22051246512320735,
    "metric": 0.20817456570451703,
    "mknn": 0.033416748046875,
    "cka": 0.020172417163848877,
    "svcca": 0.12165974039855942,
    "procrustes": 3.6471407413482666
  },
  "layer_3": {
    "loss": 0.20047288157972873,
    "metric": 0.35235438609864644,
    "mknn": 0.033660888671875,
    "cka": 0.03711096942424774,
    "svcca": 0.13702350632958227,
    "procrustes": 4.988487720489502
  },
  "layer_4": {
    "loss": 0.19422993029592223,
    "metric": 0.41756574969010724,
    "mknn": 0.0379638671875,
    "cka": 0.04532929137349129,
    "svcca": 0.14912325673642318,
    "procrustes": 5.521652698516846
  },
  "layer_5": {
    "loss": 0.19391951061064197,
    "metric": 0.46322737547697024,
    "mknn": 0.0374755859375,
    "cka": 0.04912993311882019,
    "svcca": 0.15219434364566187,
    "procrustes": 7.325325965881348
  },
  "layer_6": {
    "loss": 0.19656470599949086,
    "metric": 0.4690902280447727,
    "mknn": 0.037933349609375,
    "cka": 0.06263592839241028,
    "svcca": 0.15309308616827366,
    "procrustes": 9.550122261047363
  },
  "layer_7": {
    "loss": 0.19442388332933874,
    "metric": 0.492057731837392,
    "mknn": 0.039215087890625,
    "cka": 0.07201488316059113,
    "svcca": 0.15959090482024718,
    "procrustes": 12.980454444885254
  },
  "layer_8": {
    "loss": 0.19140267983284964,
    "metric": 0.5174411499787741,
    "mknn": 0.04144287109375,
    "cka": 0.08631234616041183,
    "svcca": 0.17540902913691658,
    "procrustes": 14.802128791809082
  },
  "layer_9": {
    "loss": 0.1987682110222254,
    "metric": 0.5180582836901343,
    "mknn": 0.04486083984375,
    "cka": 0.09690313041210175,
    "svcca": 0.17725293690924335,
    "procrustes": 21.361513137817383
  },
  "layer_10": {
    "loss": 0.20542257334092795,
    "metric": 0.5631363660071891,
    "mknn": 0.4296875,
    "cka": 0.7886261343955994,
    "svcca": 0.750346575290094,
    "procrustes": 18.139665603637695
  },
  "layer_11": {
    "loss": 0.2155393068142201,
    "metric": 0.5690702067885368,
    "mknn": 0.537445068359375,
    "cka": 0.8202521204948425,
    "svcca": 0.7663136836144211,
    "procrustes": 16.132530212402344
  },
  "layer_12": {
    "loss": 0.26267142277983474,
    "metric": 0.5602444422428583,
    "mknn": 0.597869873046875,
    "cka": 0.7667774558067322,
    "svcca": 0.8112847346439382,
    "procrustes": 19.955039978027344
  }
}