{
  "layer_1": {
    "loss": 0.6768984398841857,
    "metric": 0.568287206744868,
    "mknn": 0.040008544921875,
    "cka": 0.009021580219268799,
    "svcca": 0.1125842952210168,
    "procrustes": 3.438636064529419
  },
  "layer_2": {
    "loss": 0.6768937683105469,
    "metric": 0.5808389846041055,
    "mknn": 0.044403076171875,
    "cka": 0.024503493681550026,
    "svcca": 0.12482901387040471,
    "procrustes": 4.21198844909668
  },
  "layer_3": {
    "loss": 0.6990193688869476,
    "metric": 0.607014754398827,
    "mknn": 0.043731689453125,
    "cka": 0.029712511226534843,
    "svcca": 0.11150700061132454,
    "procrustes": 5.543561935424805
  },
  "layer_4": {
    "loss": 0.6821470992565155,
    "metric": 0.6213535557184751,
    "mknn": 0.045166015625,
    "cka": 0.044764354825019836,
    "svcca": 0.14259275298752594,
    "procrustes": 6.1077961921691895
  },
  "layer_5": {
    "loss": 0.7152322316169739,
    "metric": 0.630892366202346,
    "mknn": 0.044647216796875,
    "cka": 0.046505630016326904,
    "svcca": 0.13769761924667998,
    "procrustes": 7.7572736740112305
  },
  "layer_6": {
    "loss": 0.8185863161087036,
    "metric": 0.6390327162756598,
    "mknn": 0.04833984375,
    "cka": 0.045282069593667984,
    "svcca": 0.1210832054548546,
    "procrustes": 9.899267196655273
  },
  "layer_7": {
    "loss": 0.76301069521904,
    "metric": 0.649164681085044,
    "mknn": 0.04559326171875,
    "cka": 0.05711130425333977,
    "svcca": 0.13660081701955198,
    "procrustes": 14.321060180664062
  },
  "layer_8": {
    "loss": 0.808322298526764,
    "metric": 0.6607143511730205,
    "mknn": 0.047271728515625,
    "cka": 0.06604667752981186,
    "svcca": 0.1437255003189905,
    "procrustes": 16.09052276611328
  },
  "layer_9": {
    "loss": 0.8980587563514709,
    "metric": 0.6683453995601173,
    "mknn": 0.048492431640625,
    "cka": 0.06938574463129044,
    "svcca": 0.13881051205384323,
    "procrustes": 21.636266708374023
  },
  "layer_10": {
    "loss": 0.9837800334692002,
    "metric": 0.7101072214076246,
    "mknn": 0.27618408203125,
    "cka": 0.5967836976051331,
    "svcca": 0.5927156786505969,
    "procrustes": 20.035295486450195
  },
  "layer_11": {
    "loss": 1.8940306251049042,
    "metric": 0.7535506781524927,
    "mknn": 0.18499755859375,
    "cka": 0.3269437849521637,
    "svcca": 0.4212830307469747,
    "procrustes": 27.217304229736328
  },
  "layer_12": {
    "loss": 2.002246246099472,
    "metric": 0.7576619776392962,
    "mknn": 0.16583251953125,
    "cka": 0.32369446754455566,
    "svcca": 0.40978499892793374,
    "procrustes": 23.66112518310547
  }
}