{
  "layer_1": {
    "loss": 0.6765399169921875,
    "metric": 0.5692980205278593,
    "mknn": 0.039581298828125,
    "cka": 0.009687011130154133,
    "svcca": 0.11298297381159957,
    "procrustes": 3.528327703475952
  },
  "layer_2": {
    "loss": 0.6775113873481751,
    "metric": 0.5786047470674487,
    "mknn": 0.044342041015625,
    "cka": 0.02496935799717903,
    "svcca": 0.11675832806509692,
    "procrustes": 4.180760860443115
  },
  "layer_3": {
    "loss": 0.6983936734199524,
    "metric": 0.6083935117302053,
    "mknn": 0.044158935546875,
    "cka": 0.029398305341601372,
    "svcca": 0.11183469073690286,
    "procrustes": 5.517671585083008
  },
  "layer_4": {
    "loss": 0.6825361154079437,
    "metric": 0.6184475806451613,
    "mknn": 0.045135498046875,
    "cka": 0.04533432424068451,
    "svcca": 0.14158179025102063,
    "procrustes": 5.950756072998047
  },
  "layer_5": {
    "loss": 0.7157980659008026,
    "metric": 0.6296096041055719,
    "mknn": 0.04522705078125,
    "cka": 0.046875834465026855,
    "svcca": 0.1397999597381966,
    "procrustes": 7.5587544441223145
  },
  "layer_6": {
    "loss": 0.8083470368385315,
    "metric": 0.6352753848973607,
    "mknn": 0.04730224609375,
    "cka": 0.046868156641721725,
    "svcca": 0.12316818312531394,
    "procrustes": 9.434304237365723
  },
  "layer_7": {
    "loss": 0.7678258635997772,
    "metric": 0.6480223607038123,
    "mknn": 0.044097900390625,
    "cka": 0.06331662088632584,
    "svcca": 0.14266343049565317,
    "procrustes": 13.716601371765137
  },
  "layer_8": {
    "loss": 0.8000885717868805,
    "metric": 0.6624892320381233,
    "mknn": 0.046844482421875,
    "cka": 0.07286884635686874,
    "svcca": 0.15631564256169855,
    "procrustes": 15.557456016540527
  },
  "layer_9": {
    "loss": 0.8876164417266845,
    "metric": 0.6710703812316715,
    "mknn": 0.04693603515625,
    "cka": 0.07370734959840775,
    "svcca": 0.1488417921126949,
    "procrustes": 21.254884719848633
  },
  "layer_10": {
    "loss": 0.9529572744369507,
    "metric": 0.7065240102639295,
    "mknn": 0.2623291015625,
    "cka": 0.6019178628921509,
    "svcca": 0.6111975838038,
    "procrustes": 18.473224639892578
  },
  "layer_11": {
    "loss": 1.7539137175083162,
    "metric": 0.7529025384897361,
    "mknn": 0.18170166015625,
    "cka": 0.3287357985973358,
    "svcca": 0.4082323579541117,
    "procrustes": 25.95469093322754
  },
  "layer_12": {
    "loss": 2.076983778476715,
    "metric": 0.7576956561583577,
    "mknn": 0.163909912109375,
    "cka": 0.2912009358406067,
    "svcca": 0.40974129350393707,
    "procrustes": 23.1240234375
  }
}