{
  "layer_1": {
    "loss": 0.6766479840278625,
    "metric": 0.5688931909824047,
    "mknn": 0.040008544921875,
    "cka": 0.011432921513915062,
    "svcca": 0.1093065677161053,
    "procrustes": 3.476869821548462
  },
  "layer_2": {
    "loss": 0.6768298387527466,
    "metric": 0.5807684200879766,
    "mknn": 0.04541015625,
    "cka": 0.028738394379615784,
    "svcca": 0.12387000192568387,
    "procrustes": 4.095509052276611
  },
  "layer_3": {
    "loss": 0.6992654285430908,
    "metric": 0.6066784274193547,
    "mknn": 0.0450439453125,
    "cka": 0.033150166273117065,
    "svcca": 0.11529944151556767,
    "procrustes": 5.280487060546875
  },
  "layer_4": {
    "loss": 0.6780345544815064,
    "metric": 0.6208575421554252,
    "mknn": 0.045074462890625,
    "cka": 0.049326784908771515,
    "svcca": 0.1380405768958198,
    "procrustes": 5.762871742248535
  },
  "layer_5": {
    "loss": 0.708558652639389,
    "metric": 0.6291339809384164,
    "mknn": 0.046234130859375,
    "cka": 0.04868322238326073,
    "svcca": 0.14834092748336827,
    "procrustes": 7.441733360290527
  },
  "layer_6": {
    "loss": 0.8072418375015259,
    "metric": 0.633206103372434,
    "mknn": 0.048370361328125,
    "cka": 0.0462910458445549,
    "svcca": 0.11573847696623854,
    "procrustes": 9.378195762634277
  },
  "layer_7": {
    "loss": 0.7562666096687317,
    "metric": 0.6452336876832845,
    "mknn": 0.046844482421875,
    "cka": 0.0651966780424118,
    "svcca": 0.13918382132800017,
    "procrustes": 13.34388256072998
  },
  "layer_8": {
    "loss": 0.7780124914646148,
    "metric": 0.6595619501466276,
    "mknn": 0.0469970703125,
    "cka": 0.07171827554702759,
    "svcca": 0.1637936077781037,
    "procrustes": 15.045406341552734
  },
  "layer_9": {
    "loss": 0.8393369641304016,
    "metric": 0.6682074780058651,
    "mknn": 0.046417236328125,
    "cka": 0.0725080817937851,
    "svcca": 0.14040320482429863,
    "procrustes": 20.667076110839844
  },
  "layer_10": {
    "loss": 0.8325722913742065,
    "metric": 0.710590634164223,
    "mknn": 0.255157470703125,
    "cka": 0.5948365330696106,
    "svcca": 0.5862719123241034,
    "procrustes": 16.691274642944336
  },
  "layer_11": {
    "loss": 1.4694314314126968,
    "metric": 0.7566413123167155,
    "mknn": 0.186920166015625,
    "cka": 0.3332657516002655,
    "svcca": 0.45471767648519845,
    "procrustes": 24.871349334716797
  },
  "layer_12": {
    "loss": 1.7234385027885437,
    "metric": 0.7622502749266862,
    "mknn": 0.18072509765625,
    "cka": 0.3208306133747101,
    "svcca": 0.4323187536751648,
    "procrustes": 22.332908630371094
  }
}