{
  "layer_1": {
    "loss": 0.2538789342488012,
    "metric": 0.07010193256790866,
    "mknn": 0.032012939453125,
    "cka": 0.012645654380321503,
    "svcca": 0.10767407731864316,
    "procrustes": 2.2738535404205322
  },
  "layer_2": {
    "loss": 0.21996456961477956,
    "metric": 0.20990779472683951,
    "mknn": 0.033966064453125,
    "cka": 0.01963271014392376,
    "svcca": 0.12564402683897502,
    "procrustes": 3.6699461936950684
  },
  "layer_3": {
    "loss": 0.20061835275817028,
    "metric": 0.35207886335251887,
    "mknn": 0.03546142578125,
    "cka": 0.034002721309661865,
    "svcca": 0.1289512060668348,
    "procrustes": 4.934581756591797
  },
  "layer_4": {
    "loss": 0.19434088303746166,
    "metric": 0.41719698079994233,
    "mknn": 0.039154052734375,
    "cka": 0.043524667620658875,
    "svcca": 0.1461727247891028,
    "procrustes": 5.617040634155273
  },
  "layer_5": {
    "loss": 0.19373496117130404,
    "metric": 0.464563859933734,
    "mknn": 0.037078857421875,
    "cka": 0.046619962900877,
    "svcca": 0.1520911230520082,
    "procrustes": 7.44711971282959
  },
  "layer_6": {
    "loss": 0.1961525770307686,
    "metric": 0.47780023223502843,
    "mknn": 0.03814697265625,
    "cka": 0.060397401452064514,
    "svcca": 0.15109758856908623,
    "procrustes": 9.799123764038086
  },
  "layer_7": {
    "loss": 0.19490084443498867,
    "metric": 0.49230399958870985,
    "mknn": 0.038726806640625,
    "cka": 0.06814918667078018,
    "svcca": 0.15038656926691335,
    "procrustes": 12.973559379577637
  },
  "layer_8": {
    "loss": 0.1926080138864605,
    "metric": 0.5184689416764495,
    "mknn": 0.041839599609375,
    "cka": 0.08012120425701141,
    "svcca": 0.17151248394030047,
    "procrustes": 14.989791870117188
  },
  "layer_9": {
    "loss": 0.19870548386315595,
    "metric": 0.5133426896359449,
    "mknn": 0.047393798828125,
    "cka": 0.09440571069717407,
    "svcca": 0.17877460775037107,
    "procrustes": 21.129154205322266
  },
  "layer_10": {
    "loss": 0.20412604328811443,
    "metric": 0.5562850125121347,
    "mknn": 0.4022216796875,
    "cka": 0.7682879567146301,
    "svcca": 0.7002234520462977,
    "procrustes": 17.685298919677734
  },
  "layer_11": {
    "loss": 0.2188410984892999,
    "metric": 0.5688040342110483,
    "mknn": 0.50909423828125,
    "cka": 0.8026842474937439,
    "svcca": 0.741690002830244,
    "procrustes": 16.673255920410156
  },
  "layer_12": {
    "loss": 0.2757529116445972,
    "metric": 0.5528213685249497,
    "mknn": 0.57373046875,
    "cka": 0.7447988986968994,
    "svcca": 0.7531925451636057,
    "procrustes": 21.293167114257812
  }
}