{
  "layer_1": {
    "loss": 1.6586034594389496,
    "metric": 0.7074649906274121,
    "mknn": 0.03436279296875,
    "cka": 0.01008045207709074,
    "svcca": 0.0975738461272399,
    "procrustes": 3.5001220703125
  },
  "layer_2": {
    "loss": 1.1838686724819203,
    "metric": 0.7802403793141471,
    "mknn": 0.038818359375,
    "cka": 0.01627277582883835,
    "svcca": 0.10430602471258413,
    "procrustes": 4.128002643585205
  },
  "layer_3": {
    "loss": 1.0085299015045166,
    "metric": 0.8089094718271033,
    "mknn": 0.03985595703125,
    "cka": 0.021999021992087364,
    "svcca": 0.13066399939378423,
    "procrustes": 4.916316509246826
  },
  "layer_4": {
    "loss": 0.864034276278246,
    "metric": 0.8277649134413938,
    "mknn": 0.0394287109375,
    "cka": 0.02564060688018799,
    "svcca": 0.10996672462672341,
    "procrustes": 5.460842609405518
  },
  "layer_5": {
    "loss": 0.7740795492495178,
    "metric": 0.8359245782335428,
    "mknn": 0.045135498046875,
    "cka": 0.028584519401192665,
    "svcca": 0.10771315532869949,
    "procrustes": 6.886132717132568
  },
  "layer_6": {
    "loss": 0.7577790938633144,
    "metric": 0.8347116550887639,
    "mknn": 0.04144287109375,
    "cka": 0.03222554922103882,
    "svcca": 0.10658327068808142,
    "procrustes": 9.39468002319336
  },
  "layer_7": {
    "loss": 0.6352956831805092,
    "metric": 0.8610651670525967,
    "mknn": 0.04840087890625,
    "cka": 0.049295082688331604,
    "svcca": 0.12989462106356373,
    "procrustes": 13.451637268066406
  },
  "layer_8": {
    "loss": 0.5183943270215341,
    "metric": 0.8863160216120851,
    "mknn": 0.069793701171875,
    "cka": 0.07886991649866104,
    "svcca": 0.15676493923404525,
    "procrustes": 15.78089427947998
  },
  "layer_9": {
    "loss": 0.5311755048725957,
    "metric": 0.894916749365972,
    "mknn": 0.087738037109375,
    "cka": 0.10483556985855103,
    "svcca": 0.18756815231225207,
    "procrustes": 19.827373504638672
  },
  "layer_10": {
    "loss": 0.5337161258963755,
    "metric": 0.9154261770867791,
    "mknn": 0.393157958984375,
    "cka": 0.6275835037231445,
    "svcca": 0.5537349342423877,
    "procrustes": 17.032737731933594
  },
  "layer_11": {
    "loss": 0.9775691076425921,
    "metric": 0.9165288344911237,
    "mknn": 0.40838623046875,
    "cka": 0.5923610329627991,
    "svcca": 0.5152345223925419,
    "procrustes": 18.80698013305664
  },
  "layer_12": {
    "loss": 2.639751747224261,
    "metric": 0.9088102326607124,
    "mknn": 0.4073486328125,
    "cka": 0.4858771860599518,
    "svcca": 0.40823156153575113,
    "procrustes": 24.27507972717285
  }
}