{
  "layer_1": {
    "loss": 1.6392812881835555,
    "metric": 0.7126474804278311,
    "mknn": 0.035430908203125,
    "cka": 0.011987647041678429,
    "svcca": 0.09504840467960399,
    "procrustes": 3.500244140625
  },
  "layer_2": {
    "loss": 1.1568262248285233,
    "metric": 0.785643400595435,
    "mknn": 0.03790283203125,
    "cka": 0.017310352995991707,
    "svcca": 0.1050850412598342,
    "procrustes": 4.134783744812012
  },
  "layer_3": {
    "loss": 0.9770941841539251,
    "metric": 0.8124379755210056,
    "mknn": 0.040374755859375,
    "cka": 0.024067776277661324,
    "svcca": 0.11803099349111483,
    "procrustes": 5.164186477661133
  },
  "layer_4": {
    "loss": 0.8443557284969502,
    "metric": 0.8338295291652883,
    "mknn": 0.03955078125,
    "cka": 0.0253957100212574,
    "svcca": 0.10967510371077063,
    "procrustes": 5.506000518798828
  },
  "layer_5": {
    "loss": 0.7719430138588582,
    "metric": 0.835704046752674,
    "mknn": 0.044647216796875,
    "cka": 0.028764508664608,
    "svcca": 0.11542614548323755,
    "procrustes": 6.885742664337158
  },
  "layer_6": {
    "loss": 0.7562982913441759,
    "metric": 0.8338295291652883,
    "mknn": 0.042144775390625,
    "cka": 0.03344298154115677,
    "svcca": 0.08489158143752924,
    "procrustes": 9.527356147766113
  },
  "layer_7": {
    "loss": 0.6236347248284984,
    "metric": 0.8602933068695556,
    "mknn": 0.04925537109375,
    "cka": 0.04723465442657471,
    "svcca": 0.13115348394533405,
    "procrustes": 13.060518264770508
  },
  "layer_8": {
    "loss": 0.5112180613380458,
    "metric": 0.8873084132759952,
    "mknn": 0.071075439453125,
    "cka": 0.07729271054267883,
    "svcca": 0.14384760553777556,
    "procrustes": 15.491484642028809
  },
  "layer_9": {
    "loss": 0.5289999082747344,
    "metric": 0.8975631271363987,
    "mknn": 0.08807373046875,
    "cka": 0.10386952012777328,
    "svcca": 0.17389464831453175,
    "procrustes": 19.81899070739746
  },
  "layer_10": {
    "loss": 0.544886798437806,
    "metric": 0.9169698974528614,
    "mknn": 0.393829345703125,
    "cka": 0.6349813938140869,
    "svcca": 0.5772872823438779,
    "procrustes": 16.522354125976562
  },
  "layer_11": {
    "loss": 0.9301678351563766,
    "metric": 0.917852023376337,
    "mknn": 0.4185791015625,
    "cka": 0.6057618260383606,
    "svcca": 0.5356851457618615,
    "procrustes": 18.451398849487305
  },
  "layer_12": {
    "loss": 2.558164747131504,
    "metric": 0.9066049178520234,
    "mknn": 0.398529052734375,
    "cka": 0.49714240431785583,
    "svcca": 0.414278403623373,
    "procrustes": 24.23753547668457
  }
}