{
  "layer_1": {
    "loss": 0.25423900247444203,
    "metric": 0.06913348653470505,
    "mknn": 0.03106689453125,
    "cka": 0.010555657558143139,
    "svcca": 0.10256719309822923,
    "procrustes": 2.345780372619629
  },
  "layer_2": {
    "loss": 0.22152099377273965,
    "metric": 0.20215697479700764,
    "mknn": 0.033050537109375,
    "cka": 0.019437652081251144,
    "svcca": 0.12254474171172051,
    "procrustes": 3.6071252822875977
  },
  "layer_3": {
    "loss": 0.20065463969509723,
    "metric": 0.33941122117351197,
    "mknn": 0.035675048828125,
    "cka": 0.032135363668203354,
    "svcca": 0.14457655769883365,
    "procrustes": 4.807348251342773
  },
  "layer_4": {
    "loss": 0.1933392793764167,
    "metric": 0.4144542704383899,
    "mknn": 0.036651611328125,
    "cka": 0.04089469835162163,
    "svcca": 0.1521831520356144,
    "procrustes": 5.416198253631592
  },
  "layer_5": {
    "loss": 0.19185386790383246,
    "metric": 0.45569047750155967,
    "mknn": 0.0361328125,
    "cka": 0.0448678620159626,
    "svcca": 0.15110892073462295,
    "procrustes": 7.119498252868652
  },
  "layer_6": {
    "loss": 0.19496517281653145,
    "metric": 0.46148186760077947,
    "mknn": 0.03961181640625,
    "cka": 0.06192835047841072,
    "svcca": 0.15665163685415598,
    "procrustes": 8.819859504699707
  },
  "layer_7": {
    "loss": 0.19037953547893033,
    "metric": 0.48381909922849037,
    "mknn": 0.03997802734375,
    "cka": 0.0742708370089531,
    "svcca": 0.1716167427983754,
    "procrustes": 12.0686616897583
  },
  "layer_8": {
    "loss": 0.1848521361702598,
    "metric": 0.5138366164841239,
    "mknn": 0.04058837890625,
    "cka": 0.08487645536661148,
    "svcca": 0.17819276113248722,
    "procrustes": 13.669727325439453
  },
  "layer_9": {
    "loss": 0.18796229925573146,
    "metric": 0.5173258439402271,
    "mknn": 0.046539306640625,
    "cka": 0.0878283753991127,
    "svcca": 0.1847044537128064,
    "procrustes": 19.924766540527344
  },
  "layer_10": {
    "loss": 0.19051470068467927,
    "metric": 0.5574913713024504,
    "mknn": 0.406524658203125,
    "cka": 0.7187607884407043,
    "svcca": 0.6855339260358153,
    "procrustes": 16.51409912109375
  },
  "layer_11": {
    "loss": 0.19974874859581346,
    "metric": 0.5662771131694355,
    "mknn": 0.5396728515625,
    "cka": 0.83304762840271,
    "svcca": 0.7858200448902531,
    "procrustes": 14.90096664428711
  },
  "layer_12": {
    "loss": 0.2291608336746418,
    "metric": 0.5525259819271838,
    "mknn": 0.626373291015625,
    "cka": 0.8061052560806274,
    "svcca": 0.8308030013536438,
    "procrustes": 18.694902420043945
  }
}