{
  "layer_1": {
    "loss": 1.6412569716493919,
    "metric": 0.7081265850700188,
    "mknn": 0.03399658203125,
    "cka": 0.011675302870571613,
    "svcca": 0.09116478809180134,
    "procrustes": 3.606414556503296
  },
  "layer_2": {
    "loss": 1.1796838407005583,
    "metric": 0.7811225052376227,
    "mknn": 0.039825439453125,
    "cka": 0.017963699996471405,
    "svcca": 0.11243003043233708,
    "procrustes": 4.098384380340576
  },
  "layer_3": {
    "loss": 0.988415202687657,
    "metric": 0.8093505347888411,
    "mknn": 0.039794921875,
    "cka": 0.023784635588526726,
    "svcca": 0.1179704419709453,
    "procrustes": 4.980405807495117
  },
  "layer_4": {
    "loss": 0.8367652138547291,
    "metric": 0.8301907597309516,
    "mknn": 0.039215087890625,
    "cka": 0.027304796501994133,
    "svcca": 0.10810988790343293,
    "procrustes": 5.469575881958008
  },
  "layer_5": {
    "loss": 0.7519183841253084,
    "metric": 0.8382401587826662,
    "mknn": 0.043975830078125,
    "cka": 0.02918693982064724,
    "svcca": 0.12103937589688729,
    "procrustes": 6.9686360359191895
  },
  "layer_6": {
    "loss": 0.7268709914472998,
    "metric": 0.8398941448891829,
    "mknn": 0.0447998046875,
    "cka": 0.03468167036771774,
    "svcca": 0.11440246808077625,
    "procrustes": 9.685124397277832
  },
  "layer_7": {
    "loss": 0.6223902218462652,
    "metric": 0.8572058661373911,
    "mknn": 0.04852294921875,
    "cka": 0.04808438941836357,
    "svcca": 0.1242213371292434,
    "procrustes": 13.377208709716797
  },
  "layer_8": {
    "loss": 0.5158447849757664,
    "metric": 0.8877494762377329,
    "mknn": 0.068817138671875,
    "cka": 0.07796528190374374,
    "svcca": 0.14029577504649143,
    "procrustes": 15.703739166259766
  },
  "layer_9": {
    "loss": 0.5317488947448077,
    "metric": 0.8954680780681442,
    "mknn": 0.0899658203125,
    "cka": 0.10782867670059204,
    "svcca": 0.183404812884912,
    "procrustes": 19.704349517822266
  },
  "layer_10": {
    "loss": 0.5362270937886702,
    "metric": 0.9177417576359025,
    "mknn": 0.3880615234375,
    "cka": 0.6476351618766785,
    "svcca": 0.5888000004009142,
    "procrustes": 16.950204849243164
  },
  "layer_11": {
    "loss": 0.9776536784707512,
    "metric": 0.9168596317124269,
    "mknn": 0.410858154296875,
    "cka": 0.5990506410598755,
    "svcca": 0.514952946772688,
    "procrustes": 18.68342399597168
  },
  "layer_12": {
    "loss": 2.7876047543862588,
    "metric": 0.9070459808137612,
    "mknn": 0.410736083984375,
    "cka": 0.5013477206230164,
    "svcca": 0.4429686253044566,
    "procrustes": 24.050498962402344
  }
}