{
  "layer_1": {
    "loss": 1.7708527083645003,
    "loss_std": 0.020173608241690715,
    "metric": 0.6957033116477377,
    "metric_std": 0.004263291762781358,
    "cka": 0.006738106409708659,
    "cka_std": 0.00047062933005566305,
    "mknn": 0.033579508463541664,
    "mknn_std": 0.0005981929698888817,
    "svcca": 0.09438249294656655,
    "svcca_std": 0.0015466676987468176,
    "procrustes": 3.276993195215861,
    "procrustes_std": 0.01924703955678583
  },
  "layer_2": {
    "loss": 1.0864968773969688,
    "loss_std": 0.008891266659345047,
    "metric": 0.7909361561362885,
    "metric_std": 0.0016205688010474156,
    "cka": 0.025088017185529072,
    "cka_std": 0.0002752771367118432,
    "mknn": 0.039388020833333336,
    "mknn_std": 0.00035443626689014374,
    "svcca": 0.11621632823466987,
    "svcca_std": 0.0014638817321988371,
    "procrustes": 4.153985023498535,
    "procrustes_std": 0.0820762392539203
  },
  "layer_3": {
    "loss": 0.8783566803922729,
    "loss_std": 0.007685760843524314,
    "metric": 0.8218840739515567,
    "metric_std": 0.0018545926874029151,
    "cka": 0.034888628870248795,
    "cka_std": 0.0003649735013406904,
    "mknn": 0.041910807291666664,
    "mknn_std": 0.000698282971261821,
    "svcca": 0.1077560098035185,
    "svcca_std": 0.005093159830775285,
    "procrustes": 6.465356667836507,
    "procrustes_std": 0.16044747242700944
  },
  "layer_4": {
    "loss": 0.6326361475641736,
    "loss_std": 0.013571279291136685,
    "metric": 0.8662476568530159,
    "metric_std": 0.0032223264298605167,
    "cka": 0.3858797748883565,
    "cka_std": 0.011099553109265541,
    "mknn": 0.1617431640625,
    "mknn_std": 0.006323008490015625,
    "svcca": 0.40645481470317707,
    "svcca_std": 0.005273801940414515,
    "procrustes": 18.790290196736652,
    "procrustes_std": 0.013671111944642485
  },
  "layer_5": {
    "loss": 0.6378195480594652,
    "loss_std": 0.006410816865766254,
    "metric": 0.8806924688499284,
    "metric_std": 0.0007848772927578557,
    "cka": 0.3084225555260976,
    "cka_std": 0.006902060043088953,
    "mknn": 0.17711385091145834,
    "mknn_std": 0.0014615197792105432,
    "svcca": 0.4386240496630418,
    "svcca_std": 0.016057528715424943,
    "procrustes": 21.586758295694988,
    "procrustes_std": 0.04727255703045636
  },
  "layer_6": {
    "loss": 1.005398228486418,
    "loss_std": 0.03044743222752441,
    "metric": 0.8815010842797809,
    "metric_std": 0.0009018152788903686,
    "cka": 0.4173561632633209,
    "cka_std": 0.008792284589906744,
    "mknn": 0.3040669759114583,
    "mknn_std": 0.008315291842556754,
    "svcca": 0.488454139493645,
    "svcca_std": 0.023215054046527482,
    "procrustes": 22.75973383585612,
    "procrustes_std": 0.04847770160043418
  },
  "layer_7": {
    "loss": 1.0525448377501512,
    "loss_std": 0.04891721407939863,
    "metric": 0.8815745947734039,
    "metric_std": 0.001038295063169438,
    "cka": 0.4303375979264577,
    "cka_std": 0.01344436994478037,
    "mknn": 0.3206583658854167,
    "mknn_std": 0.008159608817608837,
    "svcca": 0.5120409015913175,
    "svcca_std": 0.009532954816967632,
    "procrustes": 21.093968709309895,
    "procrustes_std": 0.08525695294952616
  },
  "layer_8": {
    "loss": 1.0428433224898648,
    "loss_std": 0.019894748507744055,
    "metric": 0.8846252802587569,
    "metric_std": 0.0014244732881299725,
    "cka": 0.4182148079077403,
    "cka_std": 0.010737330673263172,
    "mknn": 0.3287556966145833,
    "mknn_std": 0.002853280222155588,
    "svcca": 0.45183502215055826,
    "svcca_std": 0.013675100019114258,
    "procrustes": 21.52187728881836,
    "procrustes_std": 0.05724726564005594
  },
  "layer_9": {
    "loss": 1.1486952082783024,
    "loss_std": 0.025925028963708834,
    "metric": 0.8797735876796412,
    "metric_std": 0.0009062982325091155,
    "cka": 0.4091974397500356,
    "cka_std": 0.008944188406601312,
    "mknn": 0.3297526041666667,
    "mknn_std": 0.0014197144121407066,
    "svcca": 0.4605215546726553,
    "svcca_std": 0.018671449033980807,
    "procrustes": 22.089439392089844,
    "procrustes_std": 0.07188635060385955
  },
  "layer_10": {
    "loss": 1.5298262067484663,
    "loss_std": 0.08020607036939471,
    "metric": 0.88271400742456,
    "metric_std": 0.0014802830569781418,
    "cka": 0.37099650502204895,
    "cka_std": 0.007448287432790247,
    "mknn": 0.320159912109375,
    "mknn_std": 0.0035424936488419236,
    "svcca": 0.4177450168679581,
    "svcca_std": 0.022138427887006644,
    "procrustes": 22.611581802368164,
    "procrustes_std": 0.0740833275022872
  },
  "layer_11": {
    "loss": 3.1500367054306193,
    "loss_std": 0.20622905734016886,
    "metric": 0.8790017274966001,
    "metric_std": 0.002636148208481824,
    "cka": 0.33558671673138935,
    "cka_std": 0.002225235443025271,
    "mknn": 0.3127034505208333,
    "mknn_std": 0.0013887640446607866,
    "svcca": 0.37082893660696237,
    "svcca_std": 0.008132487491884218,
    "procrustes": 23.63266944885254,
    "procrustes_std": 0.05037748153116755
  },
  "layer_12": {
    "loss": 3.785331891338719,
    "loss_std": 0.24227017587275632,
    "metric": 0.8820891682287647,
    "metric_std": 0.002572342148259299,
    "cka": 0.2336015651623408,
    "cka_std": 0.002891562299623184,
    "mknn": 0.3021443684895833,
    "mknn_std": 0.0024824298572053453,
    "svcca": 0.28072947483148103,
    "svcca_std": 0.004136994182239591,
    "procrustes": 29.103661219278973,
    "procrustes_std": 0.07270990515528927
  }
}