{
  "layer_1": {
    "loss": 0.6744773960113526,
    "loss_std": 0.00031137781821650865,
    "metric": 0.5735507545210167,
    "metric_std": 0.00017252266514808677,
    "cka": 0.005616195499897003,
    "cka_std": 0.00043519918531724304,
    "mknn": 0.040669759114583336,
    "mknn_std": 0.0005629002006940479,
    "svcca": 0.11378402792570881,
    "svcca_std": 0.0028744767236254386,
    "procrustes": 3.0961862405141196,
    "procrustes_std": 0.021528411829534452
  },
  "layer_2": {
    "loss": 0.6741996638774873,
    "loss_std": 0.0015058040951070524,
    "metric": 0.5974467711388075,
    "metric_std": 0.0027557047409188288,
    "cka": 0.05081440508365631,
    "cka_std": 0.00458191005647528,
    "mknn": 0.047149658203125,
    "mknn_std": 0.0008890345465674188,
    "svcca": 0.13385562229732142,
    "svcca_std": 0.002724267805767351,
    "procrustes": 3.8644913832346597,
    "procrustes_std": 0.08139057256501223
  },
  "layer_3": {
    "loss": 0.7288182776769002,
    "loss_std": 0.004184848638621718,
    "metric": 0.6249903775659823,
    "metric_std": 0.0008119574731459376,
    "cka": 0.042501350243886314,
    "cka_std": 0.004839158807434006,
    "mknn": 0.046234130859375,
    "mknn_std": 0.0008689028525416106,
    "svcca": 0.15194213483584895,
    "svcca_std": 0.0018208880916459772,
    "procrustes": 5.979852676391602,
    "procrustes_std": 0.08855652710345724
  },
  "layer_4": {
    "loss": 0.7146628782749177,
    "loss_std": 0.00865449564243103,
    "metric": 0.6653711510263931,
    "metric_std": 0.0065890530808206185,
    "cka": 0.2026179532210032,
    "cka_std": 0.00877665073998843,
    "mknn": 0.110748291015625,
    "mknn_std": 0.0011221176947540427,
    "svcca": 0.3269273632901695,
    "svcca_std": 0.017252091634153685,
    "procrustes": 18.73297691345215,
    "procrustes_std": 0.9519593607802036
  },
  "layer_5": {
    "loss": 0.7311829880078634,
    "loss_std": 0.02458172996553436,
    "metric": 0.6805335105083089,
    "metric_std": 0.005718347697193071,
    "cka": 0.14757985373338064,
    "cka_std": 0.015337705181472925,
    "mknn": 0.08399454752604167,
    "mknn_std": 0.00213831240005237,
    "svcca": 0.2705432872773561,
    "svcca_std": 0.013485917018202936,
    "procrustes": 21.715664545694988,
    "procrustes_std": 0.9878139175230191
  },
  "layer_6": {
    "loss": 1.0499077926476796,
    "loss_std": 0.20926631872741164,
    "metric": 0.7149596774193548,
    "metric_std": 0.00668734197868645,
    "cka": 0.1527054955561956,
    "cka_std": 0.00241959959692509,
    "mknn": 0.09367879231770833,
    "mknn_std": 0.00265816494847885,
    "svcca": 0.3465547609044706,
    "svcca_std": 0.021678848946935298,
    "procrustes": 23.41277503967285,
    "procrustes_std": 1.281192599422366
  },
  "layer_7": {
    "loss": 1.0472919005552928,
    "loss_std": 0.33651400147888016,
    "metric": 0.7185435758797653,
    "metric_std": 0.0030165815224270916,
    "cka": 0.2197171946366628,
    "cka_std": 0.004499035777393537,
    "mknn": 0.10972086588541667,
    "mknn_std": 0.004531583481425343,
    "svcca": 0.3949622715339031,
    "svcca_std": 0.009615851982849062,
    "procrustes": 25.18805758158366,
    "procrustes_std": 1.2943132423576866
  },
  "layer_8": {
    "loss": 1.0386896409988404,
    "loss_std": 0.30742067307854637,
    "metric": 0.7245671432062561,
    "metric_std": 0.0022823690504935735,
    "cka": 0.2342572013537089,
    "cka_std": 0.0055034326450795965,
    "mknn": 0.11420694986979167,
    "mknn_std": 0.004024490951021224,
    "svcca": 0.41007944326083284,
    "svcca_std": 0.007085537953212494,
    "procrustes": 24.992488225301106,
    "procrustes_std": 1.307394516185407
  },
  "layer_9": {
    "loss": 1.2280921210447946,
    "loss_std": 0.47583347492457484,
    "metric": 0.7224367668621702,
    "metric_std": 0.0024226252220690067,
    "cka": 0.26561301946640015,
    "cka_std": 0.007340103687901222,
    "mknn": 0.121551513671875,
    "mknn_std": 0.00509932810917091,
    "svcca": 0.40176179694960523,
    "svcca_std": 0.007453504005551035,
    "procrustes": 25.3809871673584,
    "procrustes_std": 1.2274137642770704
  },
  "layer_10": {
    "loss": 1.2742120882670085,
    "loss_std": 0.604486745616595,
    "metric": 0.7228473240469208,
    "metric_std": 0.0012032548439156092,
    "cka": 0.2793854276339213,
    "cka_std": 0.005666351300290382,
    "mknn": 0.12285359700520833,
    "mknn_std": 0.005553938378624055,
    "svcca": 0.4226905954076843,
    "svcca_std": 0.03119854408440861,
    "procrustes": 25.53308868408203,
    "procrustes_std": 1.126429652704373
  },
  "layer_11": {
    "loss": 1.4878649532794952,
    "loss_std": 0.7621340707137878,
    "metric": 0.7229379734848486,
    "metric_std": 0.0009969528600633245,
    "cka": 0.2690829435984294,
    "cka_std": 0.01102999709769743,
    "mknn": 0.11381022135416667,
    "mknn_std": 0.007059454568871649,
    "svcca": 0.3966257749226483,
    "svcca_std": 0.020394976848411732,
    "procrustes": 25.521958033243816,
    "procrustes_std": 1.2449887069330432
  },
  "layer_12": {
    "loss": 1.4046258397897085,
    "loss_std": 0.7381226373246917,
    "metric": 0.7139084646871945,
    "metric_std": 0.002351483177942634,
    "cka": 0.23442532618840536,
    "cka_std": 0.030020211651537964,
    "mknn": 0.10575358072916667,
    "mknn_std": 0.010177092480923808,
    "svcca": 0.34058155260132245,
    "svcca_std": 0.02820647894223141,
    "procrustes": 24.656761169433594,
    "procrustes_std": 1.3075585916394663
  }
}