{
  "layer_1": {
    "loss": 0.2575245590253909,
    "loss_std": 0.0007174617985022476,
    "metric": 0.05900224047288579,
    "metric_std": 0.0012264292646416222,
    "cka": 0.00832934413726131,
    "cka_std": 0.0017082981687503813,
    "mknn": 0.0325927734375,
    "mknn_std": 0.0008742456136012937,
    "svcca": 0.10287877432524967,
    "svcca_std": 0.002001817775159799,
    "procrustes": 2.036112387975057,
    "procrustes_std": 0.03372660043462805
  },
  "layer_2": {
    "loss": 0.20840137590369504,
    "loss_std": 0.00016690728475848282,
    "metric": 0.30305506279131494,
    "metric_std": 0.001987424473747779,
    "cka": 0.022534256801009178,
    "cka_std": 0.0006621587312744606,
    "mknn": 0.033793131510416664,
    "mknn_std": 8.009855015067353e-05,
    "svcca": 0.1373492208206549,
    "svcca_std": 0.0049176067199518106,
    "procrustes": 4.131821473439534,
    "procrustes_std": 0.008544216757847218
  },
  "layer_3": {
    "loss": 0.19578030304883118,
    "loss_std": 0.0008792082138542756,
    "metric": 0.4338385317385553,
    "metric_std": 0.0032748106137343957,
    "cka": 0.03427858526508013,
    "cka_std": 0.00032492224674752346,
    "mknn": 0.034322102864583336,
    "mknn_std": 0.0006669019939405829,
    "svcca": 0.14488094217002231,
    "svcca_std": 0.003302872543016192,
    "procrustes": 6.031436602274577,
    "procrustes_std": 0.07347592028037092
  },
  "layer_4": {
    "loss": 0.19774904163889073,
    "loss_std": 0.0015179149888954876,
    "metric": 0.4611212530486884,
    "metric_std": 0.0006387519015868508,
    "cka": 0.3706217209498088,
    "cka_std": 0.004221260334099253,
    "mknn": 0.16087849934895834,
    "mknn_std": 0.0033006359321663442,
    "svcca": 0.49038027598197725,
    "svcca_std": 0.005589355223031964,
    "procrustes": 11.346448262532553,
    "procrustes_std": 0.224116335200236
  },
  "layer_5": {
    "loss": 0.19317117653867247,
    "loss_std": 0.002433741424319227,
    "metric": 0.4892463433864238,
    "metric_std": 0.0027419011920545248,
    "cka": 0.41005152463912964,
    "cka_std": 0.011415544928030524,
    "mknn": 0.17518107096354166,
    "mknn_std": 0.006762947478720967,
    "svcca": 0.5321850079559138,
    "svcca_std": 0.006545354446689678,
    "procrustes": 11.897363344828287,
    "procrustes_std": 0.2997150544610914
  },
  "layer_6": {
    "loss": 0.2011961790456933,
    "loss_std": 0.005241476936124591,
    "metric": 0.5349978819611225,
    "metric_std": 0.0034786992950338234,
    "cka": 0.660875936349233,
    "cka_std": 0.015319828280556825,
    "mknn": 0.2946573893229167,
    "mknn_std": 0.00592708320818802,
    "svcca": 0.6171882643526815,
    "svcca_std": 0.010303581699538409,
    "procrustes": 13.96359125773112,
    "procrustes_std": 0.7720697993548707
  },
  "layer_7": {
    "loss": 0.20386970488386036,
    "loss_std": 0.007105534103204086,
    "metric": 0.5357801577192166,
    "metric_std": 0.004309465816909054,
    "cka": 0.7149405479431152,
    "cka_std": 0.011041262544100363,
    "mknn": 0.3526713053385417,
    "mknn_std": 0.004981588931633779,
    "svcca": 0.6541238580970838,
    "svcca_std": 0.018029132986280175,
    "procrustes": 13.96445369720459,
    "procrustes_std": 0.14963359760988884
  },
  "layer_8": {
    "loss": 0.1993365065293378,
    "loss_std": 0.006076872305264668,
    "metric": 0.5221916094842469,
    "metric_std": 0.003454033042404935,
    "cka": 0.7190872033437093,
    "cka_std": 0.008870396336954457,
    "mknn": 0.3746541341145833,
    "mknn_std": 0.0031555169222560707,
    "svcca": 0.6895717598115659,
    "svcca_std": 0.022568978749958116,
    "procrustes": 14.539910634358725,
    "procrustes_std": 0.14549033355138602
  },
  "layer_9": {
    "loss": 0.20224797963729835,
    "loss_std": 0.006401430211844017,
    "metric": 0.5242528732220407,
    "metric_std": 0.0038080873044606485,
    "cka": 0.6981306870778402,
    "cka_std": 0.009937539116730728,
    "mknn": 0.3773905436197917,
    "mknn_std": 0.0022558708979618296,
    "svcca": 0.6949561843117656,
    "svcca_std": 0.010968668331459593,
    "procrustes": 15.550500869750977,
    "procrustes_std": 0.1288407772377631
  },
  "layer_10": {
    "loss": 0.20876497755860038,
    "loss_std": 0.008969271046757472,
    "metric": 0.539354498373617,
    "metric_std": 0.0012031597780117551,
    "cka": 0.6590297818183899,
    "cka_std": 0.009068887324137225,
    "mknn": 0.3812255859375,
    "mknn_std": 0.004236194548106526,
    "svcca": 0.7283035702731665,
    "svcca_std": 0.012109315377645037,
    "procrustes": 17.94956334431966,
    "procrustes_std": 0.020009185373789765
  },
  "layer_11": {
    "loss": 0.2518087122846859,
    "loss_std": 0.005916130783799923,
    "metric": 0.5385208359491629,
    "metric_std": 0.0033241489281534437,
    "cka": 0.5638156334559122,
    "cka_std": 0.009107948396012531,
    "mknn": 0.3634745279947917,
    "mknn_std": 0.0037527384737270184,
    "svcca": 0.6670774672061052,
    "svcca_std": 0.010389592763109395,
    "procrustes": 22.669308344523113,
    "procrustes_std": 0.08868747990038016
  },
  "layer_12": {
    "loss": 0.2444364214959782,
    "loss_std": 0.02004122081875027,
    "metric": 0.540047731224557,
    "metric_std": 0.005008250556327989,
    "cka": 0.4348803957303365,
    "cka_std": 0.009659620235329097,
    "mknn": 0.3340555826822917,
    "mknn_std": 0.0016574038958477766,
    "svcca": 0.6386589009266453,
    "svcca_std": 0.012383583692232076,
    "procrustes": 29.776744206746418,
    "procrustes_std": 0.21136481610199176
  }
}