{
  "layer_1": {
    "loss": 0.677848062992096,
    "metric": 0.6094588526392961,
    "mknn": 0.104034423828125,
    "cka": 0.36450397968292236,
    "svcca": 0.35458186142790715,
    "procrustes": 2.704659938812256
  },
  "layer_2": {
    "loss": 0.7250152626434962,
    "metric": 0.6181437866568915,
    "mknn": 0.29534912109375,
    "cka": 0.7728917002677917,
    "svcca": 0.5759156466403929,
    "procrustes": 2.6984243392944336
  },
  "layer_3": {
    "loss": 0.816341378211975,
    "metric": 0.6308027859237537,
    "mknn": 0.3720703125,
    "cka": 0.845454216003418,
    "svcca": 0.619727776821002,
    "procrustes": 2.978069305419922
  },
  "layer_4": {
    "loss": 0.7260521195332209,
    "metric": 0.6365017870234604,
    "mknn": 0.359771728515625,
    "cka": 0.8143568634986877,
    "svcca": 0.6960285907715875,
    "procrustes": 3.7062551975250244
  },
  "layer_5": {
    "loss": 0.7861606358687083,
    "metric": 0.6470972324046921,
    "mknn": 0.207733154296875,
    "cka": 0.5926356911659241,
    "svcca": 0.5496615713269007,
    "procrustes": 6.831458568572998
  },
  "layer_6": {
    "loss": 0.9893425679008166,
    "metric": 0.6687073863636362,
    "mknn": 0.138153076171875,
    "cka": 0.3355712294578552,
    "svcca": 0.3584459683932494,
    "procrustes": 12.671407699584961
  },
  "layer_7": {
    "loss": 1.0040945176283518,
    "metric": 0.672007423020528,
    "mknn": 0.143829345703125,
    "cka": 0.35657989978790283,
    "svcca": 0.3966120142342971,
    "procrustes": 15.391160011291504
  },
  "layer_8": {
    "loss": 0.9325526030262311,
    "metric": 0.684221499266862,
    "mknn": 0.136260986328125,
    "cka": 0.3670208156108856,
    "svcca": 0.3882932185672607,
    "procrustes": 17.59343147277832
  },
  "layer_9": {
    "loss": 1.130477138131857,
    "metric": 0.6954375916422287,
    "mknn": 0.14544677734375,
    "cka": 0.3752647936344147,
    "svcca": 0.4222273343669734,
    "procrustes": 24.753042221069336
  },
  "layer_10": {
    "loss": 1.6456801450178027,
    "metric": 0.7114245784457478,
    "mknn": 0.16815185546875,
    "cka": 0.453359991312027,
    "svcca": 0.4749106630095962,
    "procrustes": 30.036895751953125
  },
  "layer_11": {
    "loss": 1.6422101824084918,
    "metric": 0.708293163489736,
    "mknn": 0.180206298828125,
    "cka": 0.3934088349342346,
    "svcca": 0.5322263094364281,
    "procrustes": 31.090578079223633
  },
  "layer_12": {
    "loss": 1.4320620209276675,
    "metric": 0.6975632331378299,
    "mknn": 0.18463134765625,
    "cka": 0.44935694336891174,
    "svcca": 0.5495552122485343,
    "procrustes": 22.376434326171875
  }
}