{
  "layer_1": {
    "loss": 0.9105863083811802,
    "metric": 0.8286470393648694,
    "mknn": 0.078399658203125,
    "cka": 0.28512638807296753,
    "svcca": 0.36999833776331065,
    "procrustes": 3.4006547927856445
  },
  "layer_2": {
    "loss": 0.8337255583045761,
    "metric": 0.8372477671187561,
    "mknn": 0.230804443359375,
    "cka": 0.5970398187637329,
    "svcca": 0.47835326779676085,
    "procrustes": 4.706005096435547
  },
  "layer_3": {
    "loss": 0.9837236218945161,
    "metric": 0.8161870106957768,
    "mknn": 0.387725830078125,
    "cka": 0.7238123416900635,
    "svcca": 0.6350409319541097,
    "procrustes": 3.25099515914917
  },
  "layer_4": {
    "loss": 0.899960137841479,
    "metric": 0.8291983680670416,
    "mknn": 0.3865966796875,
    "cka": 0.7140045762062073,
    "svcca": 0.6554537754033181,
    "procrustes": 4.070994853973389
  },
  "layer_5": {
    "loss": 0.9693222147003836,
    "metric": 0.8377990958209285,
    "mknn": 0.21502685546875,
    "cka": 0.4700842499732971,
    "svcca": 0.45010705578693067,
    "procrustes": 6.987074851989746
  },
  "layer_6": {
    "loss": 0.9425770390101139,
    "metric": 0.8535670967030543,
    "mknn": 0.16766357421875,
    "cka": 0.3403693735599518,
    "svcca": 0.3624541581251419,
    "procrustes": 11.4482421875
  },
  "layer_7": {
    "loss": 1.0984346961229619,
    "metric": 0.8584187892821701,
    "mknn": 0.15606689453125,
    "cka": 0.34085434675216675,
    "svcca": 0.33567501821023316,
    "procrustes": 15.68586540222168
  },
  "layer_8": {
    "loss": 1.1097753613787176,
    "metric": 0.8691145661043114,
    "mknn": 0.155517578125,
    "cka": 0.3334392309188843,
    "svcca": 0.3525398949268322,
    "procrustes": 20.18355369567871
  },
  "layer_9": {
    "loss": 1.79962083210135,
    "metric": 0.8742970559047304,
    "mknn": 0.392974853515625,
    "cka": 0.6387233138084412,
    "svcca": 0.6462197608284316,
    "procrustes": 26.570192337036133
  },
  "layer_10": {
    "loss": 2.9826097442457735,
    "metric": 0.8896239938251186,
    "mknn": 0.452056884765625,
    "cka": 0.6945570707321167,
    "svcca": 0.6233336627567188,
    "procrustes": 31.303192138671875
  },
  "layer_11": {
    "loss": 2.9720356939626353,
    "metric": 0.9027456169368178,
    "mknn": 0.432403564453125,
    "cka": 0.591528058052063,
    "svcca": 0.5188113854299139,
    "procrustes": 23.193729400634766
  },
  "layer_12": {
    "loss": 7.9439821322557815,
    "metric": 0.8988863160216121,
    "mknn": 0.3997802734375,
    "cka": 0.4290432929992676,
    "svcca": 0.3636850508859762,
    "procrustes": 27.8568058013916
  }
}