{
  "layer_1": {
    "loss": 0.23433663603061888,
    "metric": 0.19664537507456983,
    "mknn": 0.084259033203125,
    "cka": 0.4191519618034363,
    "svcca": 0.31886520293364423,
    "procrustes": 1.9795401096343994
  },
  "layer_2": {
    "loss": 0.20801083153495437,
    "metric": 0.3500434558720656,
    "mknn": 0.203125,
    "cka": 0.5454484224319458,
    "svcca": 0.5379006634963582,
    "procrustes": 2.4233109951019287
  },
  "layer_3": {
    "loss": 0.20515048366114613,
    "metric": 0.40358699143577753,
    "mknn": 0.3787841796875,
    "cka": 0.7485300898551941,
    "svcca": 0.6843453515687632,
    "procrustes": 2.4379756450653076
  },
  "layer_4": {
    "loss": 0.20780441659762422,
    "metric": 0.45926041486121405,
    "mknn": 0.316253662109375,
    "cka": 0.7068946361541748,
    "svcca": 0.623924212705623,
    "procrustes": 5.148550033569336
  },
  "layer_5": {
    "loss": 0.21661163362543828,
    "metric": 0.4633319190708632,
    "mknn": 0.238006591796875,
    "cka": 0.6105836033821106,
    "svcca": 0.5612074332004289,
    "procrustes": 7.57540225982666
  },
  "layer_6": {
    "loss": 0.21730044612715535,
    "metric": 0.5064380967285159,
    "mknn": 0.338775634765625,
    "cka": 0.7259570956230164,
    "svcca": 0.6111392338176391,
    "procrustes": 10.820704460144043
  },
  "layer_7": {
    "loss": 0.22584931188491167,
    "metric": 0.4957176109293188,
    "mknn": 0.443450927734375,
    "cka": 0.802452564239502,
    "svcca": 0.6818749761034492,
    "procrustes": 12.467883110046387
  },
  "layer_8": {
    "loss": 0.23053290050918773,
    "metric": 0.5257581964405668,
    "mknn": 0.50665283203125,
    "cka": 0.8218625783920288,
    "svcca": 0.7436642402295014,
    "procrustes": 15.573171615600586
  },
  "layer_9": {
    "loss": 0.24608730667705528,
    "metric": 0.5291028666115245,
    "mknn": 0.52777099609375,
    "cka": 0.7953100204467773,
    "svcca": 0.7211237206149569,
    "procrustes": 20.517656326293945
  },
  "layer_10": {
    "loss": 0.2829863796949111,
    "metric": 0.5093906511557925,
    "mknn": 0.514495849609375,
    "cka": 0.7351928949356079,
    "svcca": 0.803395340968386,
    "procrustes": 24.251449584960938
  },
  "layer_11": {
    "loss": 0.2918421605771238,
    "metric": 0.5363556458952005,
    "mknn": 0.542999267578125,
    "cka": 0.6838597655296326,
    "svcca": 0.7751828997026303,
    "procrustes": 22.1302547454834
  },
  "layer_12": {
    "loss": 0.31945413573772774,
    "metric": 0.5335685399624571,
    "mknn": 0.5738525390625,
    "cka": 0.6240919828414917,
    "svcca": 0.7927361331624833,
    "procrustes": 24.105276107788086
  }
}