{
  "layer_1": {
    "loss": 0.23152858517111174,
    "metric": 0.21837269758810524,
    "mknn": 0.0711669921875,
    "cka": 0.397347629070282,
    "svcca": 0.3089220454909508,
    "procrustes": 2.1668388843536377
  },
  "layer_2": {
    "loss": 0.2074662204630937,
    "metric": 0.3562596766445008,
    "mknn": 0.172637939453125,
    "cka": 0.4267904758453369,
    "svcca": 0.5252143910118356,
    "procrustes": 2.598733901977539
  },
  "layer_3": {
    "loss": 0.2047673514219021,
    "metric": 0.4200461687106567,
    "mknn": 0.373748779296875,
    "cka": 0.7354444265365601,
    "svcca": 0.7035872270609782,
    "procrustes": 2.7782418727874756
  },
  "layer_4": {
    "loss": 0.21043269801167383,
    "metric": 0.46460202861265215,
    "mknn": 0.309814453125,
    "cka": 0.6864795684814453,
    "svcca": 0.6043339359689938,
    "procrustes": 5.814137935638428
  },
  "layer_5": {
    "loss": 0.2182049592282445,
    "metric": 0.45998976748162196,
    "mknn": 0.26849365234375,
    "cka": 0.6498647332191467,
    "svcca": 0.5774474184149234,
    "procrustes": 8.693428039550781
  },
  "layer_6": {
    "loss": 0.22031811605249238,
    "metric": 0.5102762158204509,
    "mknn": 0.37213134765625,
    "cka": 0.7400683164596558,
    "svcca": 0.5980756832141865,
    "procrustes": 11.581124305725098
  },
  "layer_7": {
    "loss": 0.22659051752375162,
    "metric": 0.49874814914126026,
    "mknn": 0.480438232421875,
    "cka": 0.816905677318573,
    "svcca": 0.7145097090961616,
    "procrustes": 13.403517723083496
  },
  "layer_8": {
    "loss": 0.2339849591725872,
    "metric": 0.5206343770218171,
    "mknn": 0.52880859375,
    "cka": 0.8343001008033752,
    "svcca": 0.742607325293674,
    "procrustes": 16.339115142822266
  },
  "layer_9": {
    "loss": 0.24894920543111712,
    "metric": 0.5232530213145598,
    "mknn": 0.5771484375,
    "cka": 0.8449789881706238,
    "svcca": 0.753519075651109,
    "procrustes": 21.267494201660156
  },
  "layer_10": {
    "loss": 0.2854003202118473,
    "metric": 0.5050010346452286,
    "mknn": 0.58148193359375,
    "cka": 0.8135950565338135,
    "svcca": 0.8264268667321364,
    "procrustes": 24.421350479125977
  },
  "layer_11": {
    "loss": 0.2941941939386179,
    "metric": 0.5307394412042796,
    "mknn": 0.60296630859375,
    "cka": 0.7319651246070862,
    "svcca": 0.818520408576876,
    "procrustes": 21.456453323364258
  },
  "layer_12": {
    "loss": 0.3209994988249061,
    "metric": 0.5263105272884377,
    "mknn": 0.6322021484375,
    "cka": 0.6952827572822571,
    "svcca": 0.8131091230964589,
    "procrustes": 23.68415069580078
  }
}