{
  "layer_1": {
    "loss": 0.6791622574329377,
    "metric": 0.6108788489736071,
    "mknn": 0.10748291015625,
    "cka": 0.36543989181518555,
    "svcca": 0.3848220730296592,
    "procrustes": 2.7425103187561035
  },
  "layer_2": {
    "loss": 0.7277316062847773,
    "metric": 0.6161881414956011,
    "mknn": 0.295440673828125,
    "cka": 0.7595970630645752,
    "svcca": 0.5618185812041758,
    "procrustes": 2.7850658893585205
  },
  "layer_3": {
    "loss": 0.8181253073215484,
    "metric": 0.6268310117302053,
    "mknn": 0.35357666015625,
    "cka": 0.8478174805641174,
    "svcca": 0.5888081578000006,
    "procrustes": 3.1379029750823975
  },
  "layer_4": {
    "loss": 0.7108665720224381,
    "metric": 0.6318722507331378,
    "mknn": 0.358642578125,
    "cka": 0.8015252351760864,
    "svcca": 0.6881330330339022,
    "procrustes": 3.4425034523010254
  },
  "layer_5": {
    "loss": 0.766866046110789,
    "metric": 0.6454545454545455,
    "mknn": 0.216064453125,
    "cka": 0.6433945298194885,
    "svcca": 0.5033629799867496,
    "procrustes": 6.057947635650635
  },
  "layer_6": {
    "loss": 1.0001052956382435,
    "metric": 0.6654247617302054,
    "mknn": 0.131103515625,
    "cka": 0.3435378670692444,
    "svcca": 0.33790973986578277,
    "procrustes": 11.850411415100098
  },
  "layer_7": {
    "loss": 0.9933428725997607,
    "metric": 0.6721732954545454,
    "mknn": 0.135894775390625,
    "cka": 0.3639270067214966,
    "svcca": 0.32783467623861695,
    "procrustes": 14.971628189086914
  },
  "layer_8": {
    "loss": 0.965236996114254,
    "metric": 0.6817989369501466,
    "mknn": 0.137664794921875,
    "cka": 0.38173380494117737,
    "svcca": 0.3873939646744142,
    "procrustes": 17.241884231567383
  },
  "layer_9": {
    "loss": 1.23513986252745,
    "metric": 0.6959608687683284,
    "mknn": 0.162994384765625,
    "cka": 0.42080870270729065,
    "svcca": 0.446618977133021,
    "procrustes": 24.3840274810791
  },
  "layer_10": {
    "loss": 2.54034883682554,
    "metric": 0.7113485153958943,
    "mknn": 0.1849365234375,
    "cka": 0.43900927901268005,
    "svcca": 0.5190226247258226,
    "procrustes": 29.333072662353516
  },
  "layer_11": {
    "loss": 1.7891707601000866,
    "metric": 0.7052985245601173,
    "mknn": 0.1883544921875,
    "cka": 0.36280909180641174,
    "svcca": 0.5345187248925962,
    "procrustes": 30.153066635131836
  },
  "layer_12": {
    "loss": 1.8666670449276765,
    "metric": 0.7072752474340176,
    "mknn": 0.19232177734375,
    "cka": 0.4243231415748596,
    "svcca": 0.5227282459945457,
    "procrustes": 21.954448699951172
  }
}