{
  "layer_1": {
    "loss": 0.23379625448919775,
    "metric": 0.19990307688981976,
    "mknn": 0.074859619140625,
    "cka": 0.3649274408817291,
    "svcca": 0.32350733994052633,
    "procrustes": 2.083463430404663
  },
  "layer_2": {
    "loss": 0.2084550923898885,
    "metric": 0.35224299075609516,
    "mknn": 0.202423095703125,
    "cka": 0.5300604104995728,
    "svcca": 0.5186415727176334,
    "procrustes": 2.42197585105896
  },
  "layer_3": {
    "loss": 0.20659946262239492,
    "metric": 0.4026205730779699,
    "mknn": 0.383514404296875,
    "cka": 0.7564998269081116,
    "svcca": 0.7214130272633272,
    "procrustes": 2.4442265033721924
  },
  "layer_4": {
    "loss": 0.21282902424250985,
    "metric": 0.4466643804283561,
    "mknn": 0.311004638671875,
    "cka": 0.6965051293373108,
    "svcca": 0.5925701804453001,
    "procrustes": 5.16123104095459
  },
  "layer_5": {
    "loss": 0.22285409089183586,
    "metric": 0.45519621833168855,
    "mknn": 0.228118896484375,
    "cka": 0.5751647353172302,
    "svcca": 0.5109064162701724,
    "procrustes": 7.74650239944458
  },
  "layer_6": {
    "loss": 0.22946091063423957,
    "metric": 0.49648951515830964,
    "mknn": 0.338836669921875,
    "cka": 0.7174953818321228,
    "svcca": 0.6151153654591888,
    "procrustes": 12.053717613220215
  },
  "layer_7": {
    "loss": 0.23354995122124858,
    "metric": 0.5016001681192495,
    "mknn": 0.41839599609375,
    "cka": 0.7562386989593506,
    "svcca": 0.5801854179040655,
    "procrustes": 14.775418281555176
  },
  "layer_8": {
    "loss": 0.2462347792045361,
    "metric": 0.5257214825007506,
    "mknn": 0.46112060546875,
    "cka": 0.775310754776001,
    "svcca": 0.6373954785695294,
    "procrustes": 18.0022029876709
  },
  "layer_9": {
    "loss": 0.27753812542188055,
    "metric": 0.510469126189613,
    "mknn": 0.543487548828125,
    "cka": 0.7941552996635437,
    "svcca": 0.73765217644693,
    "procrustes": 22.613069534301758
  },
  "layer_10": {
    "loss": 0.3011942517660983,
    "metric": 0.5129967423738447,
    "mknn": 0.554107666015625,
    "cka": 0.7840514183044434,
    "svcca": 0.8181871662359299,
    "procrustes": 24.42791748046875
  },
  "layer_11": {
    "loss": 0.31289049560557164,
    "metric": 0.5358034417329476,
    "mknn": 0.577911376953125,
    "cka": 0.7219692468643188,
    "svcca": 0.7983958226826608,
    "procrustes": 21.879499435424805
  },
  "layer_12": {
    "loss": 0.39313777316310006,
    "metric": 0.5299906945939673,
    "mknn": 0.603668212890625,
    "cka": 0.628714919090271,
    "svcca": 0.7534203244521589,
    "procrustes": 25.019014358520508
  }
}