{
  "layer_1": {
    "loss": 0.9066787452586456,
    "metric": 0.832506340280075,
    "mknn": 0.094482421875,
    "cka": 0.2711159884929657,
    "svcca": 0.3399723213002375,
    "procrustes": 3.458017587661743
  },
  "layer_2": {
    "loss": 0.8204782493008018,
    "metric": 0.8380196273017974,
    "mknn": 0.2471923828125,
    "cka": 0.5989124178886414,
    "svcca": 0.5629736303646932,
    "procrustes": 4.722085952758789
  },
  "layer_3": {
    "loss": 0.9767435346296319,
    "metric": 0.8194949829088103,
    "mknn": 0.396881103515625,
    "cka": 0.7400702834129333,
    "svcca": 0.6464098207205915,
    "procrustes": 3.2944118976593018
  },
  "layer_4": {
    "loss": 0.9054710839347786,
    "metric": 0.8336089976844194,
    "mknn": 0.39654541015625,
    "cka": 0.7417261600494385,
    "svcca": 0.6566058738332836,
    "procrustes": 4.138059139251709
  },
  "layer_5": {
    "loss": 0.9556820140385711,
    "metric": 0.839673613408314,
    "mknn": 0.2235107421875,
    "cka": 0.4927208721637726,
    "svcca": 0.47656060459986477,
    "procrustes": 7.559117794036865
  },
  "layer_6": {
    "loss": 1.0222631957108046,
    "metric": 0.8456279633917742,
    "mknn": 0.17303466796875,
    "cka": 0.3408501148223877,
    "svcca": 0.3612210408702434,
    "procrustes": 12.19192123413086
  },
  "layer_7": {
    "loss": 1.1366606391726815,
    "metric": 0.8565442716947844,
    "mknn": 0.1611328125,
    "cka": 0.3418007493019104,
    "svcca": 0.33712120338771306,
    "procrustes": 16.510765075683594
  },
  "layer_8": {
    "loss": 1.1711037662143196,
    "metric": 0.867019517036057,
    "mknn": 0.15435791015625,
    "cka": 0.32312801480293274,
    "svcca": 0.3150885931115796,
    "procrustes": 20.937286376953125
  },
  "layer_9": {
    "loss": 1.9066072284600872,
    "metric": 0.8725328040577792,
    "mknn": 0.365234375,
    "cka": 0.5919552445411682,
    "svcca": 0.5799759950071052,
    "procrustes": 25.99993133544922
  },
  "layer_10": {
    "loss": 2.8568894897240322,
    "metric": 0.8875289447568641,
    "mknn": 0.433929443359375,
    "cka": 0.6773355603218079,
    "svcca": 0.6236871538757913,
    "procrustes": 30.83148193359375
  },
  "layer_11": {
    "loss": 2.8529035980370283,
    "metric": 0.9016429595324733,
    "mknn": 0.412200927734375,
    "cka": 0.5671354532241821,
    "svcca": 0.5054141601903692,
    "procrustes": 24.525362014770508
  },
  "layer_12": {
    "loss": 8.227663222204576,
    "metric": 0.900099239166391,
    "mknn": 0.394195556640625,
    "cka": 0.420248806476593,
    "svcca": 0.3533326728527775,
    "procrustes": 28.306346893310547
  }
}