{
  "layer_1": {
    "loss": 0.9128971443625703,
    "metric": 0.8299702282500827,
    "mknn": 0.08758544921875,
    "cka": 0.2460601031780243,
    "svcca": 0.34399635227050146,
    "procrustes": 3.5113863945007324
  },
  "layer_2": {
    "loss": 0.8361687735850287,
    "metric": 0.8369169698974529,
    "mknn": 0.241363525390625,
    "cka": 0.5914902091026306,
    "svcca": 0.4889505783482653,
    "procrustes": 4.726672172546387
  },
  "layer_3": {
    "loss": 0.9727090947568988,
    "metric": 0.8144227588488256,
    "mknn": 0.388763427734375,
    "cka": 0.7332198023796082,
    "svcca": 0.629395606271516,
    "procrustes": 3.235997438430786
  },
  "layer_4": {
    "loss": 0.8959946007393712,
    "metric": 0.8329474032418128,
    "mknn": 0.3973388671875,
    "cka": 0.7410989999771118,
    "svcca": 0.6582766995664217,
    "procrustes": 4.004117965698242
  },
  "layer_5": {
    "loss": 0.9839401451122454,
    "metric": 0.8327268717609438,
    "mknn": 0.23419189453125,
    "cka": 0.5045379996299744,
    "svcca": 0.4318377700574646,
    "procrustes": 6.426131725311279
  },
  "layer_6": {
    "loss": 0.9977201172601593,
    "metric": 0.8449663689491675,
    "mknn": 0.174835205078125,
    "cka": 0.3437032103538513,
    "svcca": 0.34895484915020086,
    "procrustes": 11.086518287658691
  },
  "layer_7": {
    "loss": 1.0958355022246735,
    "metric": 0.8568750689160878,
    "mknn": 0.1646728515625,
    "cka": 0.3476446866989136,
    "svcca": 0.2962649930669106,
    "procrustes": 15.584846496582031
  },
  "layer_8": {
    "loss": 1.080326406225677,
    "metric": 0.870768552210828,
    "mknn": 0.14990234375,
    "cka": 0.33316928148269653,
    "svcca": 0.31055102103302984,
    "procrustes": 20.331073760986328
  },
  "layer_9": {
    "loss": 1.770150906442271,
    "metric": 0.8758407762708127,
    "mknn": 0.383819580078125,
    "cka": 0.6163157820701599,
    "svcca": 0.5883556691102758,
    "procrustes": 25.463918685913086
  },
  "layer_10": {
    "loss": 3.1279198912996153,
    "metric": 0.8789282170029772,
    "mknn": 0.42633056640625,
    "cka": 0.6710232496261597,
    "svcca": 0.6163075350169459,
    "procrustes": 30.489452362060547
  },
  "layer_11": {
    "loss": 2.838847488011683,
    "metric": 0.9007608336089977,
    "mknn": 0.434478759765625,
    "cka": 0.5826847553253174,
    "svcca": 0.5060395140771178,
    "procrustes": 22.591856002807617
  },
  "layer_12": {
    "loss": 7.790408244406213,
    "metric": 0.900099239166391,
    "mknn": 0.39532470703125,
    "cka": 0.43200185894966125,
    "svcca": 0.40057003764037546,
    "procrustes": 27.173233032226562
  }
}