{
  "layer_1": {
    "loss": 0.6770443640549978,
    "metric": 0.6121025018328445,
    "mknn": 0.109527587890625,
    "cka": 0.44665876030921936,
    "svcca": 0.4170903375902479,
    "procrustes": 2.705923318862915
  },
  "layer_2": {
    "loss": 0.7266611590385437,
    "metric": 0.6188556176686217,
    "mknn": 0.290130615234375,
    "cka": 0.75519859790802,
    "svcca": 0.5407072305786695,
    "procrustes": 2.721891164779663
  },
  "layer_3": {
    "loss": 0.8240053553183874,
    "metric": 0.630892595307918,
    "mknn": 0.36614990234375,
    "cka": 0.876011848449707,
    "svcca": 0.628034222390899,
    "procrustes": 3.047736167907715
  },
  "layer_4": {
    "loss": 0.7271048700412115,
    "metric": 0.6374761730205278,
    "mknn": 0.354827880859375,
    "cka": 0.8333296775817871,
    "svcca": 0.6661118097852994,
    "procrustes": 3.465264320373535
  },
  "layer_5": {
    "loss": 0.8581946837306023,
    "metric": 0.6420037573313784,
    "mknn": 0.20794677734375,
    "cka": 0.6269547343254089,
    "svcca": 0.526732251034036,
    "procrustes": 6.746309757232666
  },
  "layer_6": {
    "loss": 1.007706492384275,
    "metric": 0.6608495234604106,
    "mknn": 0.138763427734375,
    "cka": 0.3372724652290344,
    "svcca": 0.36919486551989,
    "procrustes": 12.045050621032715
  },
  "layer_7": {
    "loss": 1.0119693004687627,
    "metric": 0.666842008797654,
    "mknn": 0.140533447265625,
    "cka": 0.3478855788707733,
    "svcca": 0.372246274278672,
    "procrustes": 15.130515098571777
  },
  "layer_8": {
    "loss": 0.9897562399307887,
    "metric": 0.6760630498533725,
    "mknn": 0.13604736328125,
    "cka": 0.36980152130126953,
    "svcca": 0.4190891071594377,
    "procrustes": 17.37919807434082
  },
  "layer_9": {
    "loss": 1.1597698947787285,
    "metric": 0.6823052602639296,
    "mknn": 0.17010498046875,
    "cka": 0.45202115178108215,
    "svcca": 0.4288069230081114,
    "procrustes": 23.064207077026367
  },
  "layer_10": {
    "loss": 1.684033109386762,
    "metric": 0.7092769428152492,
    "mknn": 0.18499755859375,
    "cka": 0.5099684000015259,
    "svcca": 0.4938801305904671,
    "procrustes": 27.165800094604492
  },
  "layer_11": {
    "loss": 1.3598005347450575,
    "metric": 0.7127476631231673,
    "mknn": 0.203765869140625,
    "cka": 0.4694204032421112,
    "svcca": 0.537956859016901,
    "procrustes": 29.672746658325195
  },
  "layer_12": {
    "loss": 1.6438452510982753,
    "metric": 0.7079215542521995,
    "mknn": 0.214111328125,
    "cka": 0.5348474979400635,
    "svcca": 0.5509189868802211,
    "procrustes": 21.4798583984375
  }
}