{
  "layer_1": {
    "loss": 0.23322049189697613,
    "loss_std": 0.001216529032218581,
    "metric": 0.2049737165174983,
    "metric_std": 0.009567398656449006,
    "cka": 0.3938090105851491,
    "cka_std": 0.02227803152412195,
    "mknn": 0.07676188151041667,
    "mknn_std": 0.005511462968598318,
    "svcca": 0.31709819612170714,
    "svcca_std": 0.006084101596252245,
    "procrustes": 2.0766141414642334,
    "procrustes_std": 0.07661763209633543
  },
  "layer_2": {
    "loss": 0.20797738146264552,
    "loss_std": 0.00040439757863090325,
    "metric": 0.3528487077575539,
    "metric_std": 0.002573651101361108,
    "cka": 0.5007664362589518,
    "cka_std": 0.05268478443943914,
    "mknn": 0.19272867838541666,
    "mknn_std": 0.01420918741623691,
    "svcca": 0.5272522090752758,
    "svcca_std": 0.007993441947436355,
    "procrustes": 2.481340249379476,
    "procrustes_std": 0.08301163735742086
  },
  "layer_3": {
    "loss": 0.20550576590181438,
    "loss_std": 0.0007890192078961061,
    "metric": 0.4087512444081347,
    "metric_std": 0.00799645660528684,
    "cka": 0.7468247810999552,
    "cka_std": 0.008679997298947492,
    "mknn": 0.3786824544270833,
    "mknn_std": 0.003987448551944914,
    "svcca": 0.7031152019643562,
    "svcca_std": 0.01513649565604545,
    "procrustes": 2.553481340408325,
    "procrustes_std": 0.15895018295871305
  },
  "layer_4": {
    "loss": 0.21035537961726933,
    "loss_std": 0.0020520159350982557,
    "metric": 0.4568422746340741,
    "metric_std": 0.00751998923822276,
    "cka": 0.6966264446576437,
    "cka_std": 0.008334857930232595,
    "mknn": 0.3123575846354167,
    "mknn_std": 0.0027974631568990853,
    "svcca": 0.6069427763733056,
    "svcca_std": 0.012932475167492644,
    "procrustes": 5.374639670054118,
    "procrustes_std": 0.31081532145395563
  },
  "layer_5": {
    "loss": 0.2192235612485062,
    "loss_std": 0.0026482989178541133,
    "metric": 0.4595059682947246,
    "metric_std": 0.0033389572093977292,
    "cka": 0.6118710239728292,
    "cka_std": 0.03050973080258862,
    "mknn": 0.244873046875,
    "mknn_std": 0.01718315806598553,
    "svcca": 0.5498537559618416,
    "svcca_std": 0.028326733330141816,
    "procrustes": 8.00511089960734,
    "procrustes_std": 0.4917005716892186
  },
  "layer_6": {
    "loss": 0.22235982427129578,
    "loss_std": 0.005170148521081428,
    "metric": 0.5044012759024254,
    "metric_std": 0.005809748020644178,
    "cka": 0.727840264638265,
    "cka_std": 0.009311071853075902,
    "mknn": 0.34991455078125,
    "mknn_std": 0.015709667487703912,
    "svcca": 0.6081100941636715,
    "svcca_std": 0.00727871133443694,
    "procrustes": 11.485182126363119,
    "procrustes_std": 0.5079265270031716
  },
  "layer_7": {
    "loss": 0.22866326020997063,
    "loss_std": 0.0034686364496288387,
    "metric": 0.49868864272994284,
    "metric_std": 0.0024019125064473194,
    "cka": 0.7918656468391418,
    "cka_std": 0.02587383080567604,
    "mknn": 0.4474283854166667,
    "mknn_std": 0.025484307581458098,
    "svcca": 0.6588567010345587,
    "svcca_std": 0.05720218260069618,
    "procrustes": 13.54893970489502,
    "procrustes_std": 0.9476427971667445
  },
  "layer_8": {
    "loss": 0.23691754629543701,
    "loss_std": 0.0067373238537610835,
    "metric": 0.5240380186543782,
    "metric_std": 0.002406784750176214,
    "cka": 0.810491144657135,
    "cka_std": 0.02538920853531587,
    "mknn": 0.4988606770833333,
    "mknn_std": 0.02817746378981988,
    "svcca": 0.7078890146975683,
    "svcca_std": 0.049848324907808994,
    "procrustes": 16.638163248697918,
    "procrustes_std": 1.0139430223460313
  },
  "layer_9": {
    "loss": 0.2575248791766843,
    "loss_std": 0.014199651053758824,
    "metric": 0.5209416713718991,
    "metric_std": 0.007780780785408463,
    "cka": 0.8114814360936483,
    "cka_std": 0.023691036861846752,
    "mknn": 0.549468994140625,
    "mknn_std": 0.020597187445162413,
    "svcca": 0.7374316575709986,
    "svcca_std": 0.013226267511044523,
    "procrustes": 21.466073354085285,
    "procrustes_std": 0.8668965289686387
  },
  "layer_10": {
    "loss": 0.28986031722428557,
    "loss_std": 0.008074665374011844,
    "metric": 0.5091294760582886,
    "metric_std": 0.0032694540669689852,
    "cka": 0.777613123257955,
    "cka_std": 0.03232969190642985,
    "mknn": 0.5500284830729166,
    "mknn_std": 0.027498650415374897,
    "svcca": 0.8160031246454841,
    "svcca_std": 0.009528564879811708,
    "procrustes": 24.366905848185223,
    "procrustes_std": 0.0816839148382158
  },
  "layer_11": {
    "loss": 0.29964228337377113,
    "loss_std": 0.009416983265622349,
    "metric": 0.5342995096108092,
    "metric_std": 0.0025274226204548096,
    "cka": 0.7125980456670126,
    "cka_std": 0.020726729150270087,
    "mknn": 0.5746256510416666,
    "mknn_std": 0.024591441575154208,
    "svcca": 0.7973663769873891,
    "svcca_std": 0.01770743229430261,
    "procrustes": 21.82206916809082,
    "procrustes_std": 0.27805966484070016
  },
  "layer_12": {
    "loss": 0.34453046924191133,
    "loss_std": 0.034376343926532896,
    "metric": 0.5299565872816207,
    "metric_std": 0.0029631694152965227,
    "cka": 0.6493632197380066,
    "cka_std": 0.03252481955982172,
    "mknn": 0.603240966796875,
    "mknn_std": 0.02382304392770776,
    "svcca": 0.7864218602370338,
    "svcca_std": 0.024773516811745378,
    "procrustes": 24.269480387369793,
    "procrustes_std": 0.5571878998369647
  }
}