{
  "layer_1": {
    "loss": 0.6780182281600103,
    "loss_std": 0.0008729586581883204,
    "metric": 0.6108134011485826,
    "metric_std": 0.0010802570150933652,
    "cka": 0.39220087726910907,
    "cka_std": 0.03850943392458162,
    "mknn": 0.10701497395833333,
    "mknn_std": 0.002266853335702144,
    "svcca": 0.3854980906826047,
    "svcca_std": 0.02552345519889239,
    "procrustes": 2.717697858810425,
    "procrustes_std": 0.01755263814369099
  },
  "layer_2": {
    "loss": 0.7264693426556058,
    "loss_std": 0.0011172065872685996,
    "metric": 0.6177291819403714,
    "metric_std": 0.0011277647764874688,
    "cka": 0.7625624537467957,
    "cka_std": 0.007521375060540899,
    "mknn": 0.29364013671875,
    "mknn_std": 0.0024818878920101883,
    "svcca": 0.5594804861410794,
    "svcca_std": 0.014468544197370859,
    "procrustes": 2.7351271311442056,
    "procrustes_std": 0.036588546965586534
  },
  "layer_3": {
    "loss": 0.8194906802839702,
    "loss_std": 0.0032743771689475536,
    "metric": 0.629508797653959,
    "metric_std": 0.0018938355298988914,
    "cka": 0.8564278483390808,
    "cka_std": 0.013881547706595264,
    "mknn": 0.3639322916666667,
    "mknn_std": 0.00771112365738431,
    "svcca": 0.6121900523373005,
    "svcca_std": 0.016877677636777663,
    "procrustes": 3.0545694828033447,
    "procrustes_std": 0.06543047778006042
  },
  "layer_4": {
    "loss": 0.7213411871989569,
    "loss_std": 0.007419130372675593,
    "metric": 0.6352834035923753,
    "metric_std": 0.0024446308364295863,
    "cka": 0.8164039254188538,
    "cka_std": 0.013064544540169991,
    "mknn": 0.3577473958333333,
    "mknn_std": 0.0021152495382400853,
    "svcca": 0.6834244778635963,
    "svcca_std": 0.012659155184799209,
    "procrustes": 3.538007656733195,
    "procrustes_std": 0.11933130496151538
  },
  "layer_5": {
    "loss": 0.8037404552366999,
    "loss_std": 0.03930239644204239,
    "metric": 0.6448518450635387,
    "metric_std": 0.00212262540290821,
    "cka": 0.6209949851036072,
    "cka_std": 0.021146376891479104,
    "mknn": 0.21058146158854166,
    "mknn_std": 0.003878041244683053,
    "svcca": 0.5265856007825621,
    "svcca_std": 0.0189016052183013,
    "procrustes": 6.545238653818767,
    "procrustes_std": 0.34631583110283265
  },
  "layer_6": {
    "loss": 0.9990514519744451,
    "loss_std": 0.007533983915536119,
    "metric": 0.6649938905180841,
    "metric_std": 0.0032223945395258103,
    "cka": 0.33879385391871136,
    "cka_std": 0.003425667464559059,
    "mknn": 0.13600667317708334,
    "mknn_std": 0.0034759984410118695,
    "svcca": 0.35518352459297403,
    "svcca_std": 0.012978762818820237,
    "procrustes": 12.188956578572592,
    "procrustes_std": 0.3502764796044111
  },
  "layer_7": {
    "loss": 1.003135563565625,
    "loss_std": 0.007634380501415859,
    "metric": 0.670340909090909,
    "metric_std": 0.0024750226750068854,
    "cka": 0.35613082846005756,
    "cka_std": 0.006556579426581595,
    "mknn": 0.14008585611979166,
    "mknn_std": 0.0032546996672886104,
    "svcca": 0.36556432158386204,
    "svcca_std": 0.028472992165732142,
    "procrustes": 15.164434432983398,
    "procrustes_std": 0.17294436175790068
  },
  "layer_8": {
    "loss": 0.9625152796904247,
    "loss_std": 0.023432453620223972,
    "metric": 0.6806944953567937,
    "metric_std": 0.00342100546944538,
    "cka": 0.37285204728444415,
    "cka_std": 0.006382125839083056,
    "mknn": 0.13665771484375,
    "mknn_std": 0.0007174335808311139,
    "svcca": 0.39825876346703754,
    "svcca_std": 0.014733851683534449,
    "procrustes": 17.40483792622884,
    "procrustes_std": 0.1446591792326248
  },
  "layer_9": {
    "loss": 1.1751289651460117,
    "loss_std": 0.04408701434955897,
    "metric": 0.6912345735581623,
    "metric_std": 0.006317590873510514,
    "cka": 0.4160315493742625,
    "cka_std": 0.03151719662301115,
    "mknn": 0.159515380859375,
    "mknn_std": 0.010362893626563867,
    "svcca": 0.4325510781693686,
    "svcca_std": 0.010303788384547284,
    "procrustes": 24.067092259724934,
    "procrustes_std": 0.7249721773235024
  },
  "layer_10": {
    "loss": 1.9566873637433684,
    "loss_std": 0.41300788841482566,
    "metric": 0.7106833455522971,
    "metric_std": 0.0009949616042742807,
    "cka": 0.4674458901087443,
    "cka_std": 0.030633409012176416,
    "mknn": 0.17936197916666666,
    "mknn_std": 0.007926793648317889,
    "svcca": 0.49593780610862864,
    "svcca_std": 0.018067315111677713,
    "procrustes": 28.845256169637043,
    "procrustes_std": 1.2218213907485806
  },
  "layer_11": {
    "loss": 1.5970604924178786,
    "loss_std": 0.17817326489505186,
    "metric": 0.7087797837243403,
    "metric_std": 0.0030605027661507063,
    "cka": 0.4085461099942525,
    "cka_std": 0.044820722541341715,
    "mknn": 0.19077555338541666,
    "mknn_std": 0.009769322437114088,
    "svcca": 0.5349006311153085,
    "svcca_std": 0.0023550214288868433,
    "procrustes": 30.305463790893555,
    "procrustes_std": 0.5887728222525882
  },
  "layer_12": {
    "loss": 1.6475247723178732,
    "loss_std": 0.1774458337612095,
    "metric": 0.704253344941349,
    "metric_std": 0.004737976015381567,
    "cka": 0.46950919429461163,
    "cka_std": 0.04731802511034545,
    "mknn": 0.197021484375,
    "mknn_std": 0.012485531539723779,
    "svcca": 0.5410674817077671,
    "svcca_std": 0.012979744353423093,
    "procrustes": 21.936913808186848,
    "procrustes_std": 0.3662355370250851
  }
}