{
  "layer_1": {
    "loss": 0.9100540660007986,
    "loss_std": 0.0025663960875812633,
    "metric": 0.8303745359650089,
    "metric_std": 0.001601280619751657,
    "cka": 0.2674341599146525,
    "cka_std": 0.01615983807949573,
    "mknn": 0.086822509765625,
    "mknn_std": 0.00658788682801987,
    "svcca": 0.35132233711134986,
    "svcca_std": 0.013307715971732094,
    "procrustes": 3.45668625831604,
    "procrustes_std": 0.04521578804626589
  },
  "layer_2": {
    "loss": 0.8301241937301356,
    "loss_std": 0.006893257970752047,
    "metric": 0.8373947881060021,
    "metric_std": 0.000462006288454317,
    "cka": 0.5958141485850016,
    "cka_std": 0.0031516129580536107,
    "mknn": 0.23978678385416666,
    "mknn_std": 0.006782611359666593,
    "svcca": 0.5100924921699064,
    "svcca_std": 0.037642058306397615,
    "procrustes": 4.718254407246907,
    "procrustes_std": 0.008861623797778308
  },
  "layer_3": {
    "loss": 0.9777254170936823,
    "loss_std": 0.004549946658752108,
    "metric": 0.8167015841511377,
    "metric_std": 0.0021024515229279704,
    "cka": 0.732367475827535,
    "cka_std": 0.006664583641888163,
    "mknn": 0.3911234537760417,
    "mknn_std": 0.004093250551567128,
    "svcca": 0.6369487863154057,
    "svcca_std": 0.007075818187211961,
    "procrustes": 3.2604681650797525,
    "procrustes_std": 0.024770488391909967
  },
  "layer_4": {
    "loss": 0.9004752741718763,
    "loss_std": 0.0038858682013488354,
    "metric": 0.8319182563310913,
    "metric_std": 0.0019421244258643422,
    "cka": 0.7322765787442526,
    "cka_std": 0.012922793557685304,
    "mknn": 0.39349365234375,
    "mknn_std": 0.004887642061424244,
    "svcca": 0.6567787829343411,
    "svcca_std": 0.001158921445592096,
    "procrustes": 4.071057319641113,
    "procrustes_std": 0.05468127296549043
  },
  "layer_5": {
    "loss": 0.9696481246170667,
    "loss_std": 0.011538635271688556,
    "metric": 0.8367331936633956,
    "metric_std": 0.002934440938907223,
    "cka": 0.489114373922348,
    "cka_std": 0.01429499536027197,
    "mknn": 0.2242431640625,
    "mknn_std": 0.007841216398791777,
    "svcca": 0.45283514348142,
    "svcca_std": 0.018359644681172228,
    "procrustes": 6.990774790445964,
    "procrustes_std": 0.4625470247373049
  },
  "layer_6": {
    "loss": 0.9875201173270259,
    "loss_std": 0.03332167354149246,
    "metric": 0.848053809681332,
    "metric_std": 0.003907827797258616,
    "cka": 0.3416408995787303,
    "cka_std": 0.0014714216119652037,
    "mknn": 0.171844482421875,
    "mknn_std": 0.0030463616028280423,
    "svcca": 0.35754334938186205,
    "svcca_std": 0.006093816358299374,
    "procrustes": 11.575560569763184,
    "procrustes_std": 0.4601712698289071
  },
  "layer_7": {
    "loss": 1.110310279173439,
    "loss_std": 0.018662708919080402,
    "metric": 0.8572793766310141,
    "metric_std": 0.0008169261870435388,
    "cka": 0.3434332609176636,
    "cka_std": 0.0030028874748340914,
    "mknn": 0.16062418619791666,
    "mknn_std": 0.0035317275888067916,
    "svcca": 0.32302040488828565,
    "svcca_std": 0.01892814322977684,
    "procrustes": 15.927158991495768,
    "procrustes_std": 0.414727421286113
  },
  "layer_8": {
    "loss": 1.120401844606238,
    "loss_std": 0.037813788322651844,
    "metric": 0.8689675451170654,
    "metric_std": 0.0015340637890769756,
    "cka": 0.32991217573483783,
    "cka_std": 0.004798391941544253,
    "mknn": 0.15325927734375,
    "mknn_std": 0.002420462740065992,
    "svcca": 0.3260598363571472,
    "svcca_std": 0.01881564094899894,
    "procrustes": 20.483971277872723,
    "procrustes_std": 0.3261507593202853
  },
  "layer_9": {
    "loss": 1.8254596556679028,
    "loss_std": 0.058627726984963206,
    "metric": 0.8742235454111075,
    "metric_std": 0.0013514739817584132,
    "cka": 0.6156647801399231,
    "cka_std": 0.01909853272517707,
    "mknn": 0.38067626953125,
    "mknn_std": 0.011541052463980767,
    "svcca": 0.6048504749819376,
    "svcca_std": 0.02945186007827618,
    "procrustes": 26.01134745279948,
    "procrustes_std": 0.4517064633836118
  },
  "layer_10": {
    "loss": 2.9891397084231404,
    "loss_std": 0.11074399899068642,
    "metric": 0.8853603851949866,
    "metric_std": 0.004627951194450368,
    "cka": 0.6809719602266947,
    "cka_std": 0.00994577756849586,
    "mknn": 0.43743896484375,
    "mknn_std": 0.010791923519278853,
    "svcca": 0.6211094505498187,
    "svcca_std": 0.0033985323873155665,
    "procrustes": 30.87470881144206,
    "procrustes_std": 0.33361107918877425
  },
  "layer_11": {
    "loss": 2.887928926670449,
    "loss_std": 0.05974866684993989,
    "metric": 0.9017164700260962,
    "metric_std": 0.0008119499406172834,
    "cka": 0.5804494222005209,
    "cka_std": 0.010082900647677355,
    "mknn": 0.426361083984375,
    "mknn_std": 0.010048519879881682,
    "svcca": 0.510088353232467,
    "svcca_std": 0.006173396413060898,
    "procrustes": 23.43698247273763,
    "procrustes_std": 0.8078739247307389
  },
  "layer_12": {
    "loss": 7.98735119962219,
    "loss_std": 0.18112359666911781,
    "metric": 0.8996949314514647,
    "metric_std": 0.000571777453820869,
    "cka": 0.42709798614184064,
    "cka_std": 0.004991440986718373,
    "mknn": 0.3964335123697917,
    "mknn_std": 0.0024109959746141307,
    "svcca": 0.3725292537930431,
    "svcca_std": 0.020273251701279988,
    "procrustes": 27.77879524230957,
    "procrustes_std": 0.46586907391196086
  }
}