{
  "layer_1": {
    "loss": 0.2501189222533582,
    "metric": 0.07528676638796497,
    "mknn": 0.034088134765625,
    "cka": 0.014180654659867287,
    "svcca": 0.097267398688996,
    "procrustes": 2.3477048873901367
  },
  "layer_2": {
    "loss": 0.21784168886973562,
    "metric": 0.21340176993195178,
    "mknn": 0.035003662109375,
    "cka": 0.02468390390276909,
    "svcca": 0.12194034889674912,
    "procrustes": 3.60270619392395
  },
  "layer_3": {
    "loss": 0.2013016551870355,
    "metric": 0.37115379562788986,
    "mknn": 0.035491943359375,
    "cka": 0.04105425253510475,
    "svcca": 0.14829615411640779,
    "procrustes": 5.106064796447754
  },
  "layer_4": {
    "loss": 0.19542303756909438,
    "metric": 0.4320524096576264,
    "mknn": 0.03765869140625,
    "cka": 0.04425793141126633,
    "svcca": 0.13632903922361383,
    "procrustes": 5.811922550201416
  },
  "layer_5": {
    "loss": 0.1968266172892487,
    "metric": 0.4900717000231193,
    "mknn": 0.03741455078125,
    "cka": 0.05751542001962662,
    "svcca": 0.15244117752131633,
    "procrustes": 9.526131629943848
  },
  "layer_6": {
    "loss": 0.1967666885270501,
    "metric": 0.5084014907137835,
    "mknn": 0.041290283203125,
    "cka": 0.060002051293849945,
    "svcca": 0.15580476900385531,
    "procrustes": 14.572077751159668
  },
  "layer_7": {
    "loss": 0.19857613893423212,
    "metric": 0.5354306751695086,
    "mknn": 0.414215087890625,
    "cka": 0.7783941626548767,
    "svcca": 0.726968414107593,
    "procrustes": 15.951066970825195
  },
  "layer_8": {
    "loss": 0.20083549340611778,
    "metric": 0.5353327352141397,
    "mknn": 0.325225830078125,
    "cka": 0.39505600929260254,
    "svcca": 0.740519510501292,
    "procrustes": 17.53732681274414
  },
  "layer_9": {
    "loss": 0.2095788210493079,
    "metric": 0.5322855567599134,
    "mknn": 0.436767578125,
    "cka": 0.7132463455200195,
    "svcca": 0.7334982242334387,
    "procrustes": 15.186989784240723
  },
  "layer_10": {
    "loss": 0.21281387687828135,
    "metric": 0.5540854429965626,
    "mknn": 0.452972412109375,
    "cka": 0.7448620200157166,
    "svcca": 0.6972264182208605,
    "procrustes": 17.56409454345703
  },
  "layer_11": {
    "loss": 0.22093341750208684,
    "metric": 0.5437253910743869,
    "mknn": 0.47119140625,
    "cka": 0.7069582939147949,
    "svcca": 0.7099718223239728,
    "procrustes": 19.5462589263916
  },
  "layer_12": {
    "loss": 0.26075367011507533,
    "metric": 0.5428397977902215,
    "mknn": 0.439178466796875,
    "cka": 0.5780845880508423,
    "svcca": 0.7031835164615353,
    "procrustes": 25.2321720123291
  }
}