{
  "layer_1": {
    "loss": 1.5623223406297189,
    "metric": 0.7236740544712758,
    "mknn": 0.034332275390625,
    "cka": 0.006617914419621229,
    "svcca": 0.0960387735671128,
    "procrustes": 4.133942127227783
  },
  "layer_2": {
    "loss": 1.109699268544477,
    "metric": 0.7921490792810674,
    "mknn": 0.037628173828125,
    "cka": 0.018207982182502747,
    "svcca": 0.1069861348310847,
    "procrustes": 4.315046787261963
  },
  "layer_3": {
    "loss": 0.9369712903228387,
    "metric": 0.8154151505127357,
    "mknn": 0.038299560546875,
    "cka": 0.019643191248178482,
    "svcca": 0.11066333895279543,
    "procrustes": 5.732245922088623
  },
  "layer_4": {
    "loss": 0.7653818771873833,
    "metric": 0.8379093615613629,
    "mknn": 0.040740966796875,
    "cka": 0.024147527292370796,
    "svcca": 0.11088016186798984,
    "procrustes": 6.2136640548706055
  },
  "layer_5": {
    "loss": 0.687921032822006,
    "metric": 0.8493769985665454,
    "mknn": 0.04248046875,
    "cka": 0.03388362005352974,
    "svcca": 0.115642426100573,
    "procrustes": 8.74089241027832
  },
  "layer_6": {
    "loss": 0.6404530345782559,
    "metric": 0.8479435439408975,
    "mknn": 0.046112060546875,
    "cka": 0.0436079315841198,
    "svcca": 0.11183675866891911,
    "procrustes": 13.104438781738281
  },
  "layer_7": {
    "loss": 0.5981467712087564,
    "metric": 0.8913882456720696,
    "mknn": 0.2647705078125,
    "cka": 0.49184873700141907,
    "svcca": 0.468711606638612,
    "procrustes": 14.112834930419922
  },
  "layer_8": {
    "loss": 0.6694367002100075,
    "metric": 0.9080383724776712,
    "mknn": 0.378753662109375,
    "cka": 0.5263853669166565,
    "svcca": 0.5285188055605656,
    "procrustes": 17.3380126953125
  },
  "layer_9": {
    "loss": 0.9231595812863723,
    "metric": 0.9040688058220311,
    "mknn": 0.39715576171875,
    "cka": 0.5620697140693665,
    "svcca": 0.4561327922399315,
    "procrustes": 20.13535499572754
  },
  "layer_10": {
    "loss": 1.3417248114832905,
    "metric": 0.9047304002646378,
    "mknn": 0.367095947265625,
    "cka": 0.5140873193740845,
    "svcca": 0.4956623890311575,
    "procrustes": 20.166227340698242
  },
  "layer_11": {
    "loss": 2.1765797487278573,
    "metric": 0.90627412063072,
    "mknn": 0.340057373046875,
    "cka": 0.4921938180923462,
    "svcca": 0.4413772232714849,
    "procrustes": 20.724319458007812
  },
  "layer_12": {
    "loss": 3.066282175520881,
    "metric": 0.9051714632263755,
    "mknn": 0.32952880859375,
    "cka": 0.394357830286026,
    "svcca": 0.36018846766096874,
    "procrustes": 24.355987548828125
  }
}