{
  "layer_1": {
    "loss": 1.601699134975514,
    "metric": 0.71683757856434,
    "mknn": 0.033477783203125,
    "cka": 0.010390871204435825,
    "svcca": 0.09802424796573152,
    "procrustes": 3.9252662658691406
  },
  "layer_2": {
    "loss": 1.1278943275569608,
    "metric": 0.7850920718932628,
    "mknn": 0.036285400390625,
    "cka": 0.020231449976563454,
    "svcca": 0.11324541634514454,
    "procrustes": 4.253402233123779
  },
  "layer_3": {
    "loss": 0.9562867401690079,
    "metric": 0.8132098357040467,
    "mknn": 0.037811279296875,
    "cka": 0.019984537735581398,
    "svcca": 0.11678345642462026,
    "procrustes": 5.85081672668457
  },
  "layer_4": {
    "loss": 0.7921397880153366,
    "metric": 0.8321755430587716,
    "mknn": 0.039703369140625,
    "cka": 0.024570748209953308,
    "svcca": 0.11529692751553289,
    "procrustes": 6.157945156097412
  },
  "layer_5": {
    "loss": 0.6895697954253702,
    "metric": 0.8493769985665454,
    "mknn": 0.043487548828125,
    "cka": 0.034297142177820206,
    "svcca": 0.1210947241599544,
    "procrustes": 8.163931846618652
  },
  "layer_6": {
    "loss": 0.6377944244397065,
    "metric": 0.8556621457713088,
    "mknn": 0.042938232421875,
    "cka": 0.042230673134326935,
    "svcca": 0.1315975181997728,
    "procrustes": 11.935669898986816
  },
  "layer_7": {
    "loss": 0.593281286221186,
    "metric": 0.8890726651229462,
    "mknn": 0.29278564453125,
    "cka": 0.5227447152137756,
    "svcca": 0.520821869659471,
    "procrustes": 13.057672500610352
  },
  "layer_8": {
    "loss": 0.6291687606060892,
    "metric": 0.9060535891498511,
    "mknn": 0.3604736328125,
    "cka": 0.47396647930145264,
    "svcca": 0.5642280903206981,
    "procrustes": 16.792972564697266
  },
  "layer_9": {
    "loss": 0.8697033028896065,
    "metric": 0.9014224280516043,
    "mknn": 0.388275146484375,
    "cka": 0.5380821824073792,
    "svcca": 0.5170144625337587,
    "procrustes": 19.44643783569336
  },
  "layer_10": {
    "loss": 1.1534086496654952,
    "metric": 0.9102436872863602,
    "mknn": 0.3822021484375,
    "cka": 0.5062254667282104,
    "svcca": 0.4863125312574068,
    "procrustes": 19.85021209716797
  },
  "layer_11": {
    "loss": 1.8217109446423818,
    "metric": 0.90627412063072,
    "mknn": 0.369171142578125,
    "cka": 0.49041619896888733,
    "svcca": 0.44313908519116235,
    "procrustes": 20.680042266845703
  },
  "layer_12": {
    "loss": 2.551283182102201,
    "metric": 0.9061638548902856,
    "mknn": 0.348480224609375,
    "cka": 0.4130610227584839,
    "svcca": 0.3593112148172811,
    "procrustes": 24.15776252746582
  }
}