{
  "layer_1": {
    "loss": 0.25014013882880937,
    "metric": 0.07410314590086671,
    "mknn": 0.031463623046875,
    "cka": 0.01736779883503914,
    "svcca": 0.09385929377585919,
    "procrustes": 2.389807939529419
  },
  "layer_2": {
    "loss": 0.216995637469028,
    "metric": 0.2162315806477013,
    "mknn": 0.034820556640625,
    "cka": 0.0259742122143507,
    "svcca": 0.12598271490782414,
    "procrustes": 3.6145119667053223
  },
  "layer_3": {
    "loss": 0.19987492620395625,
    "metric": 0.37171949408027766,
    "mknn": 0.03558349609375,
    "cka": 0.042265404015779495,
    "svcca": 0.14015129205604732,
    "procrustes": 5.108395576477051
  },
  "layer_4": {
    "loss": 0.19515902799670048,
    "metric": 0.4327331739576955,
    "mknn": 0.037933349609375,
    "cka": 0.04350221902132034,
    "svcca": 0.1463854110240515,
    "procrustes": 5.75776481628418
  },
  "layer_5": {
    "loss": 0.19753497948844312,
    "metric": 0.4973316925743795,
    "mknn": 0.03704833984375,
    "cka": 0.0531422384083271,
    "svcca": 0.1520286573572825,
    "procrustes": 9.541452407836914
  },
  "layer_6": {
    "loss": 0.19779429389035097,
    "metric": 0.5104988337942068,
    "mknn": 0.040130615234375,
    "cka": 0.055298805236816406,
    "svcca": 0.16380457386358888,
    "procrustes": 14.231021881103516
  },
  "layer_7": {
    "loss": 0.19904848833649938,
    "metric": 0.5385303192147525,
    "mknn": 0.427581787109375,
    "cka": 0.7966396808624268,
    "svcca": 0.7006342990090044,
    "procrustes": 14.869524955749512
  },
  "layer_8": {
    "loss": 0.20103283638503694,
    "metric": 0.5413529918508709,
    "mknn": 0.33856201171875,
    "cka": 0.420158714056015,
    "svcca": 0.7550175818461041,
    "procrustes": 17.21976661682129
  },
  "layer_9": {
    "loss": 0.2096423908450087,
    "metric": 0.5308379088206945,
    "mknn": 0.4287109375,
    "cka": 0.7155806422233582,
    "svcca": 0.7467779300690587,
    "procrustes": 15.1463041305542
  },
  "layer_10": {
    "loss": 0.21617575717686507,
    "metric": 0.5532698909376099,
    "mknn": 0.428070068359375,
    "cka": 0.72772216796875,
    "svcca": 0.7268391210888718,
    "procrustes": 18.078941345214844
  },
  "layer_11": {
    "loss": 0.2260726011843176,
    "metric": 0.5457382698575782,
    "mknn": 0.441864013671875,
    "cka": 0.6820553541183472,
    "svcca": 0.7290937590320168,
    "procrustes": 20.54596519470215
  },
  "layer_12": {
    "loss": 0.26749588782611533,
    "metric": 0.5385029659202765,
    "mknn": 0.41748046875,
    "cka": 0.5485278964042664,
    "svcca": 0.6961287210957422,
    "procrustes": 26.272878646850586
  }
}