{
  "layer_1": {
    "loss": 1.6087528266919353,
    "metric": 0.7192634248538979,
    "mknn": 0.0325927734375,
    "cka": 0.006978361867368221,
    "svcca": 0.09756547190132285,
    "procrustes": 3.9007930755615234
  },
  "layer_2": {
    "loss": 1.159150068722074,
    "metric": 0.780460910795016,
    "mknn": 0.03546142578125,
    "cka": 0.017839467152953148,
    "svcca": 0.10587001536235244,
    "procrustes": 4.2900800704956055
  },
  "layer_3": {
    "loss": 0.9525282777964122,
    "metric": 0.8128790384827435,
    "mknn": 0.03802490234375,
    "cka": 0.020249733701348305,
    "svcca": 0.10447656225716222,
    "procrustes": 5.794779300689697
  },
  "layer_4": {
    "loss": 0.7932373202312245,
    "metric": 0.831293417135296,
    "mknn": 0.0401611328125,
    "cka": 0.023139797151088715,
    "svcca": 0.10143262578834884,
    "procrustes": 6.161155700683594
  },
  "layer_5": {
    "loss": 0.7009624963202489,
    "metric": 0.8478332782004632,
    "mknn": 0.043182373046875,
    "cka": 0.03367816284298897,
    "svcca": 0.11945558416368918,
    "procrustes": 8.620122909545898
  },
  "layer_6": {
    "loss": 0.6399322110203602,
    "metric": 0.8507001874517588,
    "mknn": 0.044586181640625,
    "cka": 0.04129991680383682,
    "svcca": 0.1241235253680382,
    "procrustes": 12.370007514953613
  },
  "layer_7": {
    "loss": 0.5658278261956872,
    "metric": 0.894916749365972,
    "mknn": 0.278045654296875,
    "cka": 0.49598070979118347,
    "svcca": 0.5066974655147146,
    "procrustes": 13.901416778564453
  },
  "layer_8": {
    "loss": 0.6671923528814967,
    "metric": 0.9046201345242033,
    "mknn": 0.350860595703125,
    "cka": 0.4780232906341553,
    "svcca": 0.5275556801263291,
    "procrustes": 17.89689826965332
  },
  "layer_9": {
    "loss": 0.8924714430236338,
    "metric": 0.9046201345242033,
    "mknn": 0.38201904296875,
    "cka": 0.5495437383651733,
    "svcca": 0.520250884140483,
    "procrustes": 20.34113121032715
  },
  "layer_10": {
    "loss": 1.2339334506969402,
    "metric": 0.9061638548902856,
    "mknn": 0.37640380859375,
    "cka": 0.5171277523040771,
    "svcca": 0.5386012639163201,
    "procrustes": 20.38551139831543
  },
  "layer_11": {
    "loss": 2.1832503893180637,
    "metric": 0.90825890395854,
    "mknn": 0.35601806640625,
    "cka": 0.4978693723678589,
    "svcca": 0.435876753427806,
    "procrustes": 20.603771209716797
  },
  "layer_12": {
    "loss": 2.993209298940147,
    "metric": 0.9079281067372368,
    "mknn": 0.33837890625,
    "cka": 0.3999161124229431,
    "svcca": 0.3609560567801474,
    "procrustes": 24.313982009887695
  }
}