{
  "layer_1": {
    "loss": 0.6776633496284485,
    "metric": 0.5671343475073314,
    "mknn": 0.03997802734375,
    "cka": 0.011558464728295803,
    "svcca": 0.10682951303122057,
    "procrustes": 3.4902732372283936
  },
  "layer_2": {
    "loss": 0.6775173568725585,
    "metric": 0.5854114736070382,
    "mknn": 0.043975830078125,
    "cka": 0.03524188697338104,
    "svcca": 0.12721496293485385,
    "procrustes": 4.171684741973877
  },
  "layer_3": {
    "loss": 0.698738162279129,
    "metric": 0.6144432734604106,
    "mknn": 0.044677734375,
    "cka": 0.030868466943502426,
    "svcca": 0.1265823751686851,
    "procrustes": 5.3970184326171875
  },
  "layer_4": {
    "loss": 0.6856969251632691,
    "metric": 0.6322997617302053,
    "mknn": 0.0435791015625,
    "cka": 0.039496585726737976,
    "svcca": 0.1420283147332378,
    "procrustes": 6.134150981903076
  },
  "layer_5": {
    "loss": 0.7437745037078858,
    "metric": 0.6447571480938417,
    "mknn": 0.04547119140625,
    "cka": 0.04024967551231384,
    "svcca": 0.12301873958703338,
    "procrustes": 8.851242065429688
  },
  "layer_6": {
    "loss": 0.8575323266983033,
    "metric": 0.6558967192082111,
    "mknn": 0.043731689453125,
    "cka": 0.03382209688425064,
    "svcca": 0.1273506928010481,
    "procrustes": 13.225424766540527
  },
  "layer_7": {
    "loss": 0.877945006608963,
    "metric": 0.703443456744868,
    "mknn": 0.194000244140625,
    "cka": 0.39369097352027893,
    "svcca": 0.4969967536304011,
    "procrustes": 18.99373435974121
  },
  "layer_8": {
    "loss": 1.2533108327388764,
    "metric": 0.7456735703812316,
    "mknn": 0.159820556640625,
    "cka": 0.3309367001056671,
    "svcca": 0.40872975513997833,
    "procrustes": 26.89301109313965
  },
  "layer_9": {
    "loss": 1.644668123960495,
    "metric": 0.7510186033724341,
    "mknn": 0.148681640625,
    "cka": 0.3348860740661621,
    "svcca": 0.43836899456753037,
    "procrustes": 25.380474090576172
  },
  "layer_10": {
    "loss": 1.6626400628089906,
    "metric": 0.7531831928152494,
    "mknn": 0.140228271484375,
    "cka": 0.23785924911499023,
    "svcca": 0.4149860815718001,
    "procrustes": 26.833049774169922
  },
  "layer_11": {
    "loss": 1.5923551688194275,
    "metric": 0.749507423020528,
    "mknn": 0.1292724609375,
    "cka": 0.2007429450750351,
    "svcca": 0.4099990943990853,
    "procrustes": 27.923112869262695
  },
  "layer_12": {
    "loss": 2.025953688621521,
    "metric": 0.7462825329912023,
    "mknn": 0.125518798828125,
    "cka": 0.1882580667734146,
    "svcca": 0.3607606182223988,
    "procrustes": 26.2448787689209
  }
}