{
  "layer_1": {
    "loss": 0.24836883759168984,
    "metric": 0.07751559503100867,
    "mknn": 0.0330810546875,
    "cka": 0.014338952489197254,
    "svcca": 0.10708845293610328,
    "procrustes": 2.467463970184326
  },
  "layer_2": {
    "loss": 0.2167104270463715,
    "metric": 0.21689442653193275,
    "mknn": 0.03472900390625,
    "cka": 0.025291772559285164,
    "svcca": 0.11853318229863448,
    "procrustes": 3.715630292892456
  },
  "layer_3": {
    "loss": 0.2008637678788005,
    "metric": 0.3680753745976926,
    "mknn": 0.035247802734375,
    "cka": 0.04282684996724129,
    "svcca": 0.14470905195779346,
    "procrustes": 5.106244087219238
  },
  "layer_4": {
    "loss": 0.19566270358826157,
    "metric": 0.43305452375996817,
    "mknn": 0.0369873046875,
    "cka": 0.0425681471824646,
    "svcca": 0.14817518214248793,
    "procrustes": 5.8557281494140625
  },
  "layer_5": {
    "loss": 0.19670780126674933,
    "metric": 0.49622798014861447,
    "mknn": 0.038330078125,
    "cka": 0.05894520506262779,
    "svcca": 0.1517070752255722,
    "procrustes": 9.691368103027344
  },
  "layer_6": {
    "loss": 0.19689824957452062,
    "metric": 0.5090938195099891,
    "mknn": 0.040679931640625,
    "cka": 0.0626918375492096,
    "svcca": 0.15993125291829263,
    "procrustes": 14.503960609436035
  },
  "layer_7": {
    "loss": 0.1994804460469479,
    "metric": 0.5366291836406054,
    "mknn": 0.418243408203125,
    "cka": 0.77165287733078,
    "svcca": 0.7151429894901667,
    "procrustes": 15.722647666931152
  },
  "layer_8": {
    "loss": 0.2007566416799198,
    "metric": 0.5417385868426962,
    "mknn": 0.33587646484375,
    "cka": 0.43321019411087036,
    "svcca": 0.7609374713539567,
    "procrustes": 17.226266860961914
  },
  "layer_9": {
    "loss": 0.21075158514734788,
    "metric": 0.5303943398403491,
    "mknn": 0.44085693359375,
    "cka": 0.7195398807525635,
    "svcca": 0.7661730369260229,
    "procrustes": 15.488710403442383
  },
  "layer_10": {
    "loss": 0.21681124404553445,
    "metric": 0.5550983109274326,
    "mknn": 0.432281494140625,
    "cka": 0.7210278511047363,
    "svcca": 0.7251643093585634,
    "procrustes": 18.068655014038086
  },
  "layer_11": {
    "loss": 0.22481310079174657,
    "metric": 0.5552426029716049,
    "mknn": 0.443023681640625,
    "cka": 0.6588690280914307,
    "svcca": 0.7283158527131152,
    "procrustes": 20.245880126953125
  },
  "layer_12": {
    "loss": 0.26302682343990574,
    "metric": 0.5414211552278488,
    "mknn": 0.408599853515625,
    "cka": 0.5158921480178833,
    "svcca": 0.7031652435561819,
    "procrustes": 26.08232307434082
  }
}