{
  "layer_1": {
    "loss": 0.6776122822761536,
    "metric": 0.5719927602639296,
    "mknn": 0.040496826171875,
    "cka": 0.008704934269189835,
    "svcca": 0.11027900828542707,
    "procrustes": 3.5705604553222656
  },
  "layer_2": {
    "loss": 0.6801399683952332,
    "metric": 0.5839852914222874,
    "mknn": 0.04461669921875,
    "cka": 0.020730528980493546,
    "svcca": 0.12567939955659718,
    "procrustes": 4.313985824584961
  },
  "layer_3": {
    "loss": 0.7061861662864685,
    "metric": 0.6110699230205279,
    "mknn": 0.043701171875,
    "cka": 0.01747436635196209,
    "svcca": 0.11863664662759126,
    "procrustes": 5.709510326385498
  },
  "layer_4": {
    "loss": 0.6934904189109802,
    "metric": 0.6286505681818182,
    "mknn": 0.04302978515625,
    "cka": 0.022579260170459747,
    "svcca": 0.12938310108966292,
    "procrustes": 6.566869735717773
  },
  "layer_5": {
    "loss": 0.7585309545993805,
    "metric": 0.6415153042521994,
    "mknn": 0.043914794921875,
    "cka": 0.024458276107907295,
    "svcca": 0.11483719722764107,
    "procrustes": 9.631871223449707
  },
  "layer_6": {
    "loss": 0.8759174273014069,
    "metric": 0.6506181268328446,
    "mknn": 0.043609619140625,
    "cka": 0.02133755572140217,
    "svcca": 0.11507567492922358,
    "procrustes": 13.63383960723877
  },
  "layer_7": {
    "loss": 0.8480545597076417,
    "metric": 0.6997200329912023,
    "mknn": 0.180084228515625,
    "cka": 0.33613651990890503,
    "svcca": 0.4971575961050011,
    "procrustes": 18.8692626953125
  },
  "layer_8": {
    "loss": 1.0836298384666443,
    "metric": 0.7396925403225806,
    "mknn": 0.15972900390625,
    "cka": 0.32995501160621643,
    "svcca": 0.4448826206289483,
    "procrustes": 26.79395866394043
  },
  "layer_9": {
    "loss": 1.429147723197937,
    "metric": 0.7458133247800587,
    "mknn": 0.153778076171875,
    "cka": 0.33629217743873596,
    "svcca": 0.4711645857835777,
    "procrustes": 25.166379928588867
  },
  "layer_10": {
    "loss": 1.57236895942688,
    "metric": 0.7440883889296188,
    "mknn": 0.145263671875,
    "cka": 0.2759752869606018,
    "svcca": 0.45334507451395945,
    "procrustes": 26.858963012695312
  },
  "layer_11": {
    "loss": 1.7963232533335687,
    "metric": 0.7444668713343109,
    "mknn": 0.138153076171875,
    "cka": 0.2365976870059967,
    "svcca": 0.45587810791077354,
    "procrustes": 27.783180236816406
  },
  "layer_12": {
    "loss": 1.9664481661319733,
    "metric": 0.7411537756598241,
    "mknn": 0.137969970703125,
    "cka": 0.2186492681503296,
    "svcca": 0.42685980946241253,
    "procrustes": 26.097688674926758
  }
}