{
  "layer_1": {
    "loss": 0.6765702176094055,
    "metric": 0.574074413489736,
    "mknn": 0.039581298828125,
    "cka": 0.010016674175858498,
    "svcca": 0.11243046114727762,
    "procrustes": 3.5048794746398926
  },
  "layer_2": {
    "loss": 0.6806430268287659,
    "metric": 0.5826214259530792,
    "mknn": 0.044830322265625,
    "cka": 0.028875526040792465,
    "svcca": 0.13036722370311746,
    "procrustes": 4.285709857940674
  },
  "layer_3": {
    "loss": 0.7008998575210571,
    "metric": 0.6149081286656892,
    "mknn": 0.04571533203125,
    "cka": 0.02794407308101654,
    "svcca": 0.12999209541557166,
    "procrustes": 5.710996150970459
  },
  "layer_4": {
    "loss": 0.6899035029411316,
    "metric": 0.634412573313783,
    "mknn": 0.043792724609375,
    "cka": 0.036785319447517395,
    "svcca": 0.14207946217801398,
    "procrustes": 6.5304741859436035
  },
  "layer_5": {
    "loss": 0.7490791265964508,
    "metric": 0.6481483687683285,
    "mknn": 0.04534912109375,
    "cka": 0.03958453610539436,
    "svcca": 0.11994621547288549,
    "procrustes": 9.15384292602539
  },
  "layer_6": {
    "loss": 0.8712152650356293,
    "metric": 0.6570548478739002,
    "mknn": 0.04534912109375,
    "cka": 0.04003237187862396,
    "svcca": 0.13894618760885397,
    "procrustes": 13.086098670959473
  },
  "layer_7": {
    "loss": 0.9211436734199524,
    "metric": 0.707316715542522,
    "mknn": 0.203399658203125,
    "cka": 0.42086631059646606,
    "svcca": 0.5052737428093155,
    "procrustes": 18.088254928588867
  },
  "layer_8": {
    "loss": 1.169796998977661,
    "metric": 0.7481419538123169,
    "mknn": 0.177154541015625,
    "cka": 0.06841932237148285,
    "svcca": 0.4217721748371875,
    "procrustes": 26.588165283203125
  },
  "layer_9": {
    "loss": 1.7276990897655486,
    "metric": 0.7539337426686218,
    "mknn": 0.16497802734375,
    "cka": 0.34876975417137146,
    "svcca": 0.46157479063942475,
    "procrustes": 24.219173431396484
  },
  "layer_10": {
    "loss": 2.034871550321579,
    "metric": 0.7507938508064517,
    "mknn": 0.155029296875,
    "cka": 0.2834853529930115,
    "svcca": 0.4604103169299633,
    "procrustes": 26.478099822998047
  },
  "layer_11": {
    "loss": 1.92539475440979,
    "metric": 0.7488613453079179,
    "mknn": 0.14471435546875,
    "cka": 0.2603381276130676,
    "svcca": 0.4290505394411782,
    "procrustes": 27.35292625427246
  },
  "layer_12": {
    "loss": 2.332500916004181,
    "metric": 0.7410043988269794,
    "mknn": 0.14886474609375,
    "cka": 0.25260600447654724,
    "svcca": 0.46077690660171544,
    "procrustes": 26.293621063232422
  }
}