{
  "layer_1": {
    "loss": 1.7213534977700975,
    "metric": 0.691917521226155,
    "mknn": 0.034088134765625,
    "cka": 0.011570572853088379,
    "svcca": 0.10300634153968624,
    "procrustes": 3.225304365158081
  },
  "layer_2": {
    "loss": 1.0362137912836655,
    "metric": 0.8018524644392987,
    "mknn": 0.037322998046875,
    "cka": 0.020713360980153084,
    "svcca": 0.1046079899691201,
    "procrustes": 4.1989264488220215
  },
  "layer_3": {
    "loss": 0.8946109579274895,
    "metric": 0.8196052486492447,
    "mknn": 0.039093017578125,
    "cka": 0.02342338114976883,
    "svcca": 0.11100553771570258,
    "procrustes": 5.221158504486084
  },
  "layer_4": {
    "loss": 0.7605785410555582,
    "metric": 0.8365861726761495,
    "mknn": 0.041839599609375,
    "cka": 0.03386177867650986,
    "svcca": 0.11121599686989603,
    "procrustes": 6.358175277709961
  },
  "layer_5": {
    "loss": 0.7007175434144244,
    "metric": 0.8463998235748154,
    "mknn": 0.05108642578125,
    "cka": 0.042979802936315536,
    "svcca": 0.1255825188307884,
    "procrustes": 9.011724472045898
  },
  "layer_6": {
    "loss": 0.7202999626493288,
    "metric": 0.8567648031756533,
    "mknn": 0.065826416015625,
    "cka": 0.06014971807599068,
    "svcca": 0.15513540110537768,
    "procrustes": 15.652261734008789
  },
  "layer_7": {
    "loss": 0.9620214314407869,
    "metric": 0.8471716837578565,
    "mknn": 0.072357177734375,
    "cka": 0.07063152641057968,
    "svcca": 0.17901811556297323,
    "procrustes": 16.315534591674805
  },
  "layer_8": {
    "loss": 1.3123539993909026,
    "metric": 0.8575366633586945,
    "mknn": 0.0701904296875,
    "cka": 0.07649894058704376,
    "svcca": 0.18023145917909275,
    "procrustes": 19.29926300048828
  },
  "layer_9": {
    "loss": 1.6464370489384093,
    "metric": 0.8651449994486713,
    "mknn": 0.071746826171875,
    "cka": 0.08744247257709503,
    "svcca": 0.18487819066024797,
    "procrustes": 23.526487350463867
  },
  "layer_10": {
    "loss": 2.6559724604327473,
    "metric": 0.8676811114786636,
    "mknn": 0.07855224609375,
    "cka": 0.10933278501033783,
    "svcca": 0.20892816508948275,
    "procrustes": 29.82699203491211
  },
  "layer_11": {
    "loss": 3.8208741019269303,
    "metric": 0.8790384827434117,
    "mknn": 0.081390380859375,
    "cka": 0.10675503313541412,
    "svcca": 0.19221703464288628,
    "procrustes": 36.37213134765625
  },
  "layer_12": {
    "loss": 6.933503544221431,
    "metric": 0.869996692027787,
    "mknn": 0.080413818359375,
    "cka": 0.0842597633600235,
    "svcca": 0.16370955665816744,
    "procrustes": 39.18074417114258
  }
}