{
  "layer_1": {
    "loss": 0.6776401476860047,
    "metric": 0.5627006964809385,
    "mknn": 0.0372314453125,
    "cka": 0.005990646313875914,
    "svcca": 0.12373128795303723,
    "procrustes": 3.6441774368286133
  },
  "layer_2": {
    "loss": 0.6747994213104248,
    "metric": 0.5913854013929619,
    "mknn": 0.04132080078125,
    "cka": 0.014114778488874435,
    "svcca": 0.12109957318233103,
    "procrustes": 4.072628498077393
  },
  "layer_3": {
    "loss": 0.7006562938690185,
    "metric": 0.6016021352639296,
    "mknn": 0.04241943359375,
    "cka": 0.015475542284548283,
    "svcca": 0.11128519409246504,
    "procrustes": 4.795080661773682
  },
  "layer_4": {
    "loss": 0.6810172307491302,
    "metric": 0.6182491752199414,
    "mknn": 0.04217529296875,
    "cka": 0.01967090182006359,
    "svcca": 0.1276744935649521,
    "procrustes": 5.281943321228027
  },
  "layer_5": {
    "loss": 0.7008199746608734,
    "metric": 0.6320179618768329,
    "mknn": 0.040985107421875,
    "cka": 0.015546523965895176,
    "svcca": 0.1078273114571088,
    "procrustes": 5.981538772583008
  },
  "layer_6": {
    "loss": 0.8001253547668457,
    "metric": 0.6259517045454546,
    "mknn": 0.04058837890625,
    "cka": 0.018048595637083054,
    "svcca": 0.10061792846537351,
    "procrustes": 12.403091430664062
  },
  "layer_7": {
    "loss": 0.8888411440849304,
    "metric": 0.6356873167155425,
    "mknn": 0.041717529296875,
    "cka": 0.01544333714991808,
    "svcca": 0.10649079024018207,
    "procrustes": 14.311502456665039
  },
  "layer_8": {
    "loss": 0.9225881536006928,
    "metric": 0.6360117302052786,
    "mknn": 0.039276123046875,
    "cka": 0.015244897454977036,
    "svcca": 0.10274031509095456,
    "procrustes": 14.911919593811035
  },
  "layer_9": {
    "loss": 0.8940760324001312,
    "metric": 0.6370656158357771,
    "mknn": 0.0400390625,
    "cka": 0.015655865892767906,
    "svcca": 0.11472149315900262,
    "procrustes": 16.836580276489258
  },
  "layer_10": {
    "loss": 1.0798951754570008,
    "metric": 0.6483037023460411,
    "mknn": 0.0426025390625,
    "cka": 0.01770310290157795,
    "svcca": 0.12194999286616277,
    "procrustes": 21.322114944458008
  },
  "layer_11": {
    "loss": 1.0515626540184022,
    "metric": 0.6546430535190615,
    "mknn": 0.04315185546875,
    "cka": 0.015828324481844902,
    "svcca": 0.12246431583222528,
    "procrustes": 24.42201805114746
  },
  "layer_12": {
    "loss": 1.0243727464675902,
    "metric": 0.6547443181818181,
    "mknn": 0.040924072265625,
    "cka": 0.011114208027720451,
    "svcca": 0.13102560993251203,
    "procrustes": 27.14510154724121
  }
}