{
  "layer_1": {
    "loss": 0.256619782560432,
    "metric": 0.06131604575181523,
    "mknn": 0.0335693359375,
    "cka": 0.008501593954861164,
    "svcca": 0.08846511115952667,
    "procrustes": 2.4375500679016113
  },
  "layer_2": {
    "loss": 0.2131343699545355,
    "metric": 0.24956517430224395,
    "mknn": 0.032928466796875,
    "cka": 0.015453571453690529,
    "svcca": 0.1254509396042703,
    "procrustes": 3.946835994720459
  },
  "layer_3": {
    "loss": 0.20349617947905843,
    "metric": 0.3212000069013576,
    "mknn": 0.03460693359375,
    "cka": 0.018932899460196495,
    "svcca": 0.12399622907099273,
    "procrustes": 4.870728969573975
  },
  "layer_4": {
    "loss": 0.1995816882785564,
    "metric": 0.381959413461688,
    "mknn": 0.03619384765625,
    "cka": 0.023186156526207924,
    "svcca": 0.12059470567133604,
    "procrustes": 5.292229175567627
  },
  "layer_5": {
    "loss": 0.19895281989453575,
    "metric": 0.4145138302939224,
    "mknn": 0.037445068359375,
    "cka": 0.029163917526602745,
    "svcca": 0.13471467461038739,
    "procrustes": 6.238064765930176
  },
  "layer_6": {
    "loss": 0.19929899762852402,
    "metric": 0.4514112554254421,
    "mknn": 0.03839111328125,
    "cka": 0.028532546013593674,
    "svcca": 0.14667724940511545,
    "procrustes": 9.28093433380127
  },
  "layer_7": {
    "loss": 0.2079961803926301,
    "metric": 0.41946207626906434,
    "mknn": 0.037139892578125,
    "cka": 0.028714019805192947,
    "svcca": 0.14420800627310426,
    "procrustes": 12.1039457321167
  },
  "layer_8": {
    "loss": 0.23394330285386555,
    "metric": 0.4318230908378361,
    "mknn": 0.03765869140625,
    "cka": 0.02721211314201355,
    "svcca": 0.14817896340246264,
    "procrustes": 13.031624794006348
  },
  "layer_9": {
    "loss": 0.22162762215609924,
    "metric": 0.48754339272354724,
    "mknn": 0.039306640625,
    "cka": 0.021396884694695473,
    "svcca": 0.14514585219015924,
    "procrustes": 16.320449829101562
  },
  "layer_10": {
    "loss": 0.27692317777240333,
    "metric": 0.46682818737253756,
    "mknn": 0.040069580078125,
    "cka": 0.03399822488427162,
    "svcca": 0.15146736106777187,
    "procrustes": 25.089595794677734
  },
  "layer_11": {
    "loss": 0.2826385056505555,
    "metric": 0.5147622936020696,
    "mknn": 0.040008544921875,
    "cka": 0.03831472247838974,
    "svcca": 0.1469866497568082,
    "procrustes": 31.902257919311523
  },
  "layer_12": {
    "loss": 0.32447551458662005,
    "metric": 0.5415279714911535,
    "mknn": 0.037933349609375,
    "cka": 0.04116913303732872,
    "svcca": 0.13281213989530688,
    "procrustes": 38.88455581665039
  }
}