{
  "layer_1": {
    "loss": 1.7597850165354512,
    "metric": 0.684750248097916,
    "mknn": 0.034149169921875,
    "cka": 0.010935809463262558,
    "svcca": 0.10354020750836823,
    "procrustes": 3.3062477111816406
  },
  "layer_2": {
    "loss": 1.0424220867494427,
    "metric": 0.8015216672179953,
    "mknn": 0.037261962890625,
    "cka": 0.02020610310137272,
    "svcca": 0.11320109497604072,
    "procrustes": 4.122231960296631
  },
  "layer_3": {
    "loss": 0.8993724076047777,
    "metric": 0.8168486051383835,
    "mknn": 0.03955078125,
    "cka": 0.022492455318570137,
    "svcca": 0.11908074166012059,
    "procrustes": 5.206549167633057
  },
  "layer_4": {
    "loss": 0.7521943431051951,
    "metric": 0.8392325504465763,
    "mknn": 0.04168701171875,
    "cka": 0.033835265785455704,
    "svcca": 0.12665285218008843,
    "procrustes": 6.459780216217041
  },
  "layer_5": {
    "loss": 0.6915592213688546,
    "metric": 0.8477230124600287,
    "mknn": 0.05157470703125,
    "cka": 0.04609646648168564,
    "svcca": 0.12612585538977913,
    "procrustes": 9.21721363067627
  },
  "layer_6": {
    "loss": 0.7173616551281637,
    "metric": 0.8561032087330467,
    "mknn": 0.064239501953125,
    "cka": 0.06015915423631668,
    "svcca": 0.1593680830179444,
    "procrustes": 16.116413116455078
  },
  "layer_7": {
    "loss": 1.0190432172652983,
    "metric": 0.846069026353512,
    "mknn": 0.068084716796875,
    "cka": 0.07179868221282959,
    "svcca": 0.17609005492459895,
    "procrustes": 16.25474739074707
  },
  "layer_8": {
    "loss": 1.3193925049273616,
    "metric": 0.8536773624434888,
    "mknn": 0.071044921875,
    "cka": 0.08318853378295898,
    "svcca": 0.1864878918452205,
    "procrustes": 19.11785888671875
  },
  "layer_9": {
    "loss": 1.7609444831149457,
    "metric": 0.8612856985334657,
    "mknn": 0.07208251953125,
    "cka": 0.0851457267999649,
    "svcca": 0.1904088592704219,
    "procrustes": 23.77794075012207
  },
  "layer_10": {
    "loss": 2.70935490730876,
    "metric": 0.8722020068364759,
    "mknn": 0.08013916015625,
    "cka": 0.1118471696972847,
    "svcca": 0.20942208117081104,
    "procrustes": 29.79985237121582
  },
  "layer_11": {
    "loss": 4.143465465332045,
    "metric": 0.8742970559047304,
    "mknn": 0.08209228515625,
    "cka": 0.10951143503189087,
    "svcca": 0.19489878582504752,
    "procrustes": 36.408447265625
  },
  "layer_12": {
    "loss": 6.938345481082099,
    "metric": 0.8738559929429927,
    "mknn": 0.081512451171875,
    "cka": 0.08625982701778412,
    "svcca": 0.17026457065185802,
    "procrustes": 39.18635940551758
  }
}