{
  "layer_1": {
    "loss": 1.797008353881735,
    "metric": 0.6747160657183813,
    "mknn": 0.03363037109375,
    "cka": 0.01065733190625906,
    "svcca": 0.10637420724773386,
    "procrustes": 3.3001317977905273
  },
  "layer_2": {
    "loss": 1.0562315449197457,
    "metric": 0.8024037931414709,
    "mknn": 0.036376953125,
    "cka": 0.019500257447361946,
    "svcca": 0.1098650101938951,
    "procrustes": 4.085855484008789
  },
  "layer_3": {
    "loss": 0.9099472843938403,
    "metric": 0.8178409968022935,
    "mknn": 0.03936767578125,
    "cka": 0.024395469576120377,
    "svcca": 0.11642585827197283,
    "procrustes": 5.149972438812256
  },
  "layer_4": {
    "loss": 0.7571435040109372,
    "metric": 0.8375785643400595,
    "mknn": 0.04248046875,
    "cka": 0.03390500321984291,
    "svcca": 0.12519185963376236,
    "procrustes": 6.321755886077881
  },
  "layer_5": {
    "loss": 0.6804051524589932,
    "metric": 0.851030984673062,
    "mknn": 0.051513671875,
    "cka": 0.04165711998939514,
    "svcca": 0.12420023210197699,
    "procrustes": 9.062803268432617
  },
  "layer_6": {
    "loss": 0.740712968120105,
    "metric": 0.8553313485500055,
    "mknn": 0.06427001953125,
    "cka": 0.05653579905629158,
    "svcca": 0.14439546901731526,
    "procrustes": 15.869616508483887
  },
  "layer_7": {
    "loss": 0.9818395891691257,
    "metric": 0.8509207189326277,
    "mknn": 0.068450927734375,
    "cka": 0.06972230970859528,
    "svcca": 0.1667128955559018,
    "procrustes": 16.882524490356445
  },
  "layer_8": {
    "loss": 1.4042338364469331,
    "metric": 0.8509207189326277,
    "mknn": 0.069061279296875,
    "cka": 0.07922189682722092,
    "svcca": 0.18353764073568035,
    "procrustes": 19.93335723876953
  },
  "layer_9": {
    "loss": 1.6669705876631689,
    "metric": 0.8666887198147536,
    "mknn": 0.069549560546875,
    "cka": 0.08084245771169662,
    "svcca": 0.18193944610269283,
    "procrustes": 24.60305404663086
  },
  "layer_10": {
    "loss": 2.900398134544248,
    "metric": 0.8622780901973757,
    "mknn": 0.0789794921875,
    "cka": 0.10559308528900146,
    "svcca": 0.1965067189216742,
    "procrustes": 30.223215103149414
  },
  "layer_11": {
    "loss": 4.323000710370535,
    "metric": 0.8715404123938693,
    "mknn": 0.081146240234375,
    "cka": 0.10783166438341141,
    "svcca": 0.19793801486634668,
    "procrustes": 36.48264694213867
  },
  "layer_12": {
    "loss": 6.698399891407072,
    "metric": 0.8734149299812548,
    "mknn": 0.07928466796875,
    "cka": 0.08274076879024506,
    "svcca": 0.159046996712468,
    "procrustes": 39.229103088378906
  }
}