{
  "layer_1": {
    "loss": 0.25595583419920664,
    "metric": 0.06211256767337997,
    "mknn": 0.032958984375,
    "cka": 0.008932015858590603,
    "svcca": 0.08806983868803452,
    "procrustes": 2.417637348175049
  },
  "layer_2": {
    "loss": 0.2127475382133563,
    "metric": 0.2551331277595189,
    "mknn": 0.031982421875,
    "cka": 0.016019752249121666,
    "svcca": 0.11954081637432548,
    "procrustes": 3.970010757446289
  },
  "layer_3": {
    "loss": 0.2029885370198483,
    "metric": 0.32776209130855916,
    "mknn": 0.034912109375,
    "cka": 0.019782671704888344,
    "svcca": 0.13015264112399177,
    "procrustes": 4.885355472564697
  },
  "layer_4": {
    "loss": 0.19942821277314068,
    "metric": 0.3863977867750889,
    "mknn": 0.036651611328125,
    "cka": 0.024974072352051735,
    "svcca": 0.12297339152220232,
    "procrustes": 5.413842678070068
  },
  "layer_5": {
    "loss": 0.19871229846631328,
    "metric": 0.4296949013682647,
    "mknn": 0.037322998046875,
    "cka": 0.03008122555911541,
    "svcca": 0.1446648873842118,
    "procrustes": 6.711514949798584
  },
  "layer_6": {
    "loss": 0.19893247706274833,
    "metric": 0.4589035050307621,
    "mknn": 0.0379638671875,
    "cka": 0.029724571853876114,
    "svcca": 0.14932399233689436,
    "procrustes": 10.075817108154297
  },
  "layer_7": {
    "loss": 0.21012091080439255,
    "metric": 0.4071604197818822,
    "mknn": 0.03741455078125,
    "cka": 0.030988110229372978,
    "svcca": 0.15291168653297518,
    "procrustes": 12.705402374267578
  },
  "layer_8": {
    "loss": 0.23461737857985607,
    "metric": 0.4324823352084283,
    "mknn": 0.037353515625,
    "cka": 0.02743856981396675,
    "svcca": 0.14730637635911076,
    "procrustes": 13.572419166564941
  },
  "layer_9": {
    "loss": 0.2214855620388611,
    "metric": 0.4829842606548203,
    "mknn": 0.03759765625,
    "cka": 0.021029574796557426,
    "svcca": 0.1412670581745464,
    "procrustes": 16.70000457763672
  },
  "layer_10": {
    "loss": 0.2965921451281842,
    "metric": 0.44281741515939915,
    "mknn": 0.038299560546875,
    "cka": 0.03747594356536865,
    "svcca": 0.1402473239026951,
    "procrustes": 25.34307098388672
  },
  "layer_11": {
    "loss": 0.28705042229819405,
    "metric": 0.5089885322615976,
    "mknn": 0.041107177734375,
    "cka": 0.04332362487912178,
    "svcca": 0.14574138626735555,
    "procrustes": 32.10793685913086
  },
  "layer_12": {
    "loss": 0.32761553321291226,
    "metric": 0.533917095972551,
    "mknn": 0.03814697265625,
    "cka": 0.04637930914759636,
    "svcca": 0.13841665391567157,
    "procrustes": 38.84959411621094
  }
}