{
  "layer_1": {
    "loss": 0.25666757731393736,
    "metric": 0.06111205090414575,
    "mknn": 0.03350830078125,
    "cka": 0.008115450851619244,
    "svcca": 0.08967889441717623,
    "procrustes": 2.4142773151397705
  },
  "layer_2": {
    "loss": 0.2131643425072393,
    "metric": 0.24804642801498825,
    "mknn": 0.031585693359375,
    "cka": 0.015760358422994614,
    "svcca": 0.12289604942673364,
    "procrustes": 4.01556396484375
  },
  "layer_3": {
    "loss": 0.2032938651088196,
    "metric": 0.3258967145736722,
    "mknn": 0.033721923828125,
    "cka": 0.01902567595243454,
    "svcca": 0.12637442910757563,
    "procrustes": 4.874035835266113
  },
  "layer_4": {
    "loss": 0.1999318759699571,
    "metric": 0.3771901035620925,
    "mknn": 0.035858154296875,
    "cka": 0.02257293090224266,
    "svcca": 0.1247672812472724,
    "procrustes": 5.292206287384033
  },
  "layer_5": {
    "loss": 0.20025548084814976,
    "metric": 0.40761538072326503,
    "mknn": 0.03717041015625,
    "cka": 0.027999453246593475,
    "svcca": 0.139061723020841,
    "procrustes": 6.175750255584717
  },
  "layer_6": {
    "loss": 0.20114842325036977,
    "metric": 0.44696229130464815,
    "mknn": 0.0374755859375,
    "cka": 0.027338935062289238,
    "svcca": 0.14242043462913695,
    "procrustes": 9.231770515441895
  },
  "layer_7": {
    "loss": 0.21146408286512172,
    "metric": 0.4038206400826664,
    "mknn": 0.0394287109375,
    "cka": 0.027915220707654953,
    "svcca": 0.1448398120542305,
    "procrustes": 11.757493019104004
  },
  "layer_8": {
    "loss": 0.23113683072103333,
    "metric": 0.42132905845114443,
    "mknn": 0.0374755859375,
    "cka": 0.026462849229574203,
    "svcca": 0.14299141739587812,
    "procrustes": 12.663052558898926
  },
  "layer_9": {
    "loss": 0.2258813579648321,
    "metric": 0.4714716732444045,
    "mknn": 0.03857421875,
    "cka": 0.01895810291171074,
    "svcca": 0.1459414429543503,
    "procrustes": 16.105588912963867
  },
  "layer_10": {
    "loss": 0.2967426580492802,
    "metric": 0.43982330140618253,
    "mknn": 0.039093017578125,
    "cka": 0.029521994292736053,
    "svcca": 0.14261598566305772,
    "procrustes": 25.194887161254883
  },
  "layer_11": {
    "loss": 0.2858777951947006,
    "metric": 0.5193410291503442,
    "mknn": 0.038909912109375,
    "cka": 0.03448675945401192,
    "svcca": 0.14736868518342275,
    "procrustes": 32.14623260498047
  },
  "layer_12": {
    "loss": 0.3163550820905492,
    "metric": 0.5485696170357116,
    "mknn": 0.038116455078125,
    "cka": 0.03750338405370712,
    "svcca": 0.1387486233192536,
    "procrustes": 38.83028030395508
  }
}