{
  "layer_1": {
    "loss": 0.676140745639801,
    "metric": 0.5657988911290323,
    "mknn": 0.03826904296875,
    "cka": 0.01007798220962286,
    "svcca": 0.11583472706589582,
    "procrustes": 3.3773322105407715
  },
  "layer_2": {
    "loss": 0.6745192661285401,
    "metric": 0.5888714259530792,
    "mknn": 0.0411376953125,
    "cka": 0.017934365198016167,
    "svcca": 0.12395405937701845,
    "procrustes": 3.786653518676758
  },
  "layer_3": {
    "loss": 0.697506153345108,
    "metric": 0.5993507148093842,
    "mknn": 0.04351806640625,
    "cka": 0.019623208791017532,
    "svcca": 0.11850959169216416,
    "procrustes": 4.429129600524902
  },
  "layer_4": {
    "loss": 0.6783876113891602,
    "metric": 0.6142920637829912,
    "mknn": 0.041534423828125,
    "cka": 0.02298329584300518,
    "svcca": 0.12457753759210602,
    "procrustes": 4.803982257843018
  },
  "layer_5": {
    "loss": 0.6972277607917786,
    "metric": 0.6337261730205279,
    "mknn": 0.042327880859375,
    "cka": 0.016465341672301292,
    "svcca": 0.1012565445913326,
    "procrustes": 5.815701961517334
  },
  "layer_6": {
    "loss": 0.7835871863365174,
    "metric": 0.6350746884164222,
    "mknn": 0.041229248046875,
    "cka": 0.016147810965776443,
    "svcca": 0.0983264192773371,
    "procrustes": 11.629666328430176
  },
  "layer_7": {
    "loss": 0.858882904291153,
    "metric": 0.6424120234604105,
    "mknn": 0.040985107421875,
    "cka": 0.014262307435274124,
    "svcca": 0.1007613865592343,
    "procrustes": 13.46314811706543
  },
  "layer_8": {
    "loss": 0.8218034029006958,
    "metric": 0.6425614002932551,
    "mknn": 0.0389404296875,
    "cka": 0.013607703149318695,
    "svcca": 0.10569843062015967,
    "procrustes": 13.949165344238281
  },
  "layer_9": {
    "loss": 0.8006111054420472,
    "metric": 0.6386890579178887,
    "mknn": 0.039794921875,
    "cka": 0.013531839475035667,
    "svcca": 0.1093597404276124,
    "procrustes": 16.003456115722656
  },
  "layer_10": {
    "loss": 0.9489556283950805,
    "metric": 0.6525403225806451,
    "mknn": 0.0423583984375,
    "cka": 0.014879207126796246,
    "svcca": 0.12274638216948583,
    "procrustes": 20.679410934448242
  },
  "layer_11": {
    "loss": 0.9096172802448272,
    "metric": 0.6582881231671553,
    "mknn": 0.04046630859375,
    "cka": 0.01303310040384531,
    "svcca": 0.12130900450633482,
    "procrustes": 23.78461265563965
  },
  "layer_12": {
    "loss": 0.9017657864093781,
    "metric": 0.651772818914956,
    "mknn": 0.039306640625,
    "cka": 0.008592586033046246,
    "svcca": 0.11816469764040796,
    "procrustes": 25.372116088867188
  }
}