{
  "layer_1": {
    "loss": 0.6760864043235779,
    "metric": 0.5664610062316716,
    "mknn": 0.03887939453125,
    "cka": 0.008675498887896538,
    "svcca": 0.1268942216845724,
    "procrustes": 3.4645068645477295
  },
  "layer_2": {
    "loss": 0.6737039141654968,
    "metric": 0.5933577712609971,
    "mknn": 0.041748046875,
    "cka": 0.017529567703604698,
    "svcca": 0.12348443708035431,
    "procrustes": 3.926727533340454
  },
  "layer_3": {
    "loss": 0.6981308965682983,
    "metric": 0.6074628848973607,
    "mknn": 0.044281005859375,
    "cka": 0.018735552206635475,
    "svcca": 0.11846121742490597,
    "procrustes": 4.689127445220947
  },
  "layer_4": {
    "loss": 0.6808592393398285,
    "metric": 0.6198662023460411,
    "mknn": 0.04296875,
    "cka": 0.022336430847644806,
    "svcca": 0.12820200597023268,
    "procrustes": 5.326257228851318
  },
  "layer_5": {
    "loss": 0.6979469656944275,
    "metric": 0.6357555901759532,
    "mknn": 0.04254150390625,
    "cka": 0.014683341607451439,
    "svcca": 0.09848880017599945,
    "procrustes": 6.455697059631348
  },
  "layer_6": {
    "loss": 0.7730889730453491,
    "metric": 0.6392659457478005,
    "mknn": 0.042755126953125,
    "cka": 0.015790225937962532,
    "svcca": 0.09846336844368939,
    "procrustes": 11.342915534973145
  },
  "layer_7": {
    "loss": 0.8445973501205445,
    "metric": 0.6475217650293253,
    "mknn": 0.042938232421875,
    "cka": 0.011749525554478168,
    "svcca": 0.09850737358283698,
    "procrustes": 12.795209884643555
  },
  "layer_8": {
    "loss": 0.8117374873161316,
    "metric": 0.6467613636363637,
    "mknn": 0.0406494140625,
    "cka": 0.010190277360379696,
    "svcca": 0.1005837065902921,
    "procrustes": 12.004103660583496
  },
  "layer_9": {
    "loss": 0.7599810881614685,
    "metric": 0.6472184292521994,
    "mknn": 0.042572021484375,
    "cka": 0.010922957211732864,
    "svcca": 0.10076752367613699,
    "procrustes": 14.507423400878906
  },
  "layer_10": {
    "loss": 0.866106609582901,
    "metric": 0.6543310117302052,
    "mknn": 0.04083251953125,
    "cka": 0.014431391842663288,
    "svcca": 0.12441449863081451,
    "procrustes": 19.820085525512695
  },
  "layer_11": {
    "loss": 0.9833010015487671,
    "metric": 0.6619089076246334,
    "mknn": 0.040985107421875,
    "cka": 0.01635214127600193,
    "svcca": 0.12183517408268263,
    "procrustes": 22.898332595825195
  },
  "layer_12": {
    "loss": 0.9771291029453277,
    "metric": 0.6548446664222874,
    "mknn": 0.043426513671875,
    "cka": 0.010573293082416058,
    "svcca": 0.1117284089543332,
    "procrustes": 24.214067459106445
  }
}