{
  "layer_1": {
    "loss": 0.6749752553833855,
    "loss_std": 0.00042154393707701795,
    "metric": 0.5754620295698925,
    "metric_std": 0.0011849297847358051,
    "cka": 0.009861264067391554,
    "cka_std": 0.0018667120622603722,
    "mknn": 0.040547688802083336,
    "mknn_std": 0.0005369320971841084,
    "svcca": 0.12256682879368556,
    "svcca_std": 0.007022390166190567,
    "procrustes": 3.4702094395955405,
    "procrustes_std": 0.04560824644341544
  },
  "layer_2": {
    "loss": 0.6881183927588993,
    "loss_std": 0.0006620995363730266,
    "metric": 0.5893818731671555,
    "metric_std": 0.0005883927102678264,
    "cka": 0.02876240946352482,
    "cka_std": 0.0038848571160434147,
    "mknn": 0.04498291015625,
    "mknn_std": 0.00043800964643577036,
    "svcca": 0.13369291299194808,
    "svcca_std": 0.0048662021902497,
    "procrustes": 4.093532085418701,
    "procrustes_std": 0.0311505811620433
  },
  "layer_3": {
    "loss": 0.7645711116128497,
    "loss_std": 0.0014890521927605732,
    "metric": 0.6120576735092863,
    "metric_std": 0.0008341629801337065,
    "cka": 0.029031979540983837,
    "cka_std": 0.002599721496013888,
    "mknn": 0.044464111328125,
    "mknn_std": 0.0006828485696141932,
    "svcca": 0.12430244088965109,
    "svcca_std": 0.004711171022944735,
    "procrustes": 5.175518194834392,
    "procrustes_std": 0.08966354083667406
  },
  "layer_4": {
    "loss": 0.7122440522644254,
    "loss_std": 0.00109892416637027,
    "metric": 0.6251061522482894,
    "metric_std": 0.000988381889010467,
    "cka": 0.03406975418329239,
    "cka_std": 0.0013269480352796521,
    "mknn": 0.043802897135416664,
    "mknn_std": 0.0008056229603362359,
    "svcca": 0.1337349772809691,
    "svcca_std": 0.002304224939594514,
    "procrustes": 5.825136820475261,
    "procrustes_std": 0.053666484273990366
  },
  "layer_5": {
    "loss": 0.7368920831018023,
    "loss_std": 0.003019847154110168,
    "metric": 0.6370379704301076,
    "metric_std": 0.0015834536678265632,
    "cka": 0.03346520662307739,
    "cka_std": 0.001920295600367415,
    "mknn": 0.043914794921875,
    "mknn_std": 0.0010955201311802292,
    "svcca": 0.12789559089194721,
    "svcca_std": 0.004065130999013765,
    "procrustes": 7.026774724324544,
    "procrustes_std": 0.18066159357061734
  },
  "layer_6": {
    "loss": 0.8133753591246076,
    "loss_std": 0.006450585800595231,
    "metric": 0.6490872434017596,
    "metric_std": 0.00212784772860263,
    "cka": 0.022515680640935898,
    "cka_std": 0.008463045785915443,
    "mknn": 0.045603434244791664,
    "mknn_std": 0.000571656140878382,
    "svcca": 0.13522427792517616,
    "svcca_std": 0.007817146202735655,
    "procrustes": 9.841047922770182,
    "procrustes_std": 0.4604806965649254
  },
  "layer_7": {
    "loss": 0.8058487741947173,
    "loss_std": 0.008348669940817349,
    "metric": 0.6543290261485827,
    "metric_std": 0.00012477728775602025,
    "cka": 0.020820131835838158,
    "cka_std": 0.011181136788021682,
    "mknn": 0.0440673828125,
    "mknn_std": 0.0004805913009040412,
    "svcca": 0.13236680150214158,
    "svcca_std": 0.0029447226152412138,
    "procrustes": 13.628364562988281,
    "procrustes_std": 1.4084541757542148
  },
  "layer_8": {
    "loss": 0.7951479051841629,
    "loss_std": 0.010055226670945792,
    "metric": 0.6850404753176931,
    "metric_std": 0.002974305308569959,
    "cka": 0.15931186328331629,
    "cka_std": 0.11099288663169686,
    "mknn": 0.16200764973958334,
    "mknn_std": 0.01254185418055324,
    "svcca": 0.497501754062103,
    "svcca_std": 0.006071235374817445,
    "procrustes": 15.094443957010904,
    "procrustes_std": 0.9425896670534679
  },
  "layer_9": {
    "loss": 0.9045367762181494,
    "loss_std": 0.02592058467245212,
    "metric": 0.6921147971652003,
    "metric_std": 0.006916943378240458,
    "cka": 0.08705629035830498,
    "cka_std": 0.05337871220991019,
    "mknn": 0.10770670572916667,
    "mknn_std": 0.005453252025146167,
    "svcca": 0.34238732260562893,
    "svcca_std": 0.00764114866751919,
    "procrustes": 21.493539810180664,
    "procrustes_std": 0.5829440544662466
  },
  "layer_10": {
    "loss": 2.10491389331025,
    "loss_std": 0.12265225772986481,
    "metric": 0.7308993157380254,
    "metric_std": 0.0025602921589335413,
    "cka": 0.12141169855992,
    "cka_std": 0.04314897243558649,
    "mknn": 0.135650634765625,
    "mknn_std": 0.013208224987564403,
    "svcca": 0.4197434532329443,
    "svcca_std": 0.016809175208309678,
    "procrustes": 28.318357467651367,
    "procrustes_std": 0.48855156092800833
  },
  "layer_11": {
    "loss": 1.8374870361159557,
    "loss_std": 0.35793907860530705,
    "metric": 0.7375825543743891,
    "metric_std": 0.005164459353059714,
    "cka": 0.17578168213367462,
    "cka_std": 0.013925707481178676,
    "mknn": 0.12175496419270833,
    "mknn_std": 0.003665611570448764,
    "svcca": 0.3919319798889547,
    "svcca_std": 0.015442580141409352,
    "procrustes": 31.187016169230144,
    "procrustes_std": 0.46878415522406963
  },
  "layer_12": {
    "loss": 3.6756705351400214,
    "loss_std": 1.1855165013159736,
    "metric": 0.7367444861925709,
    "metric_std": 0.0072838316097138854,
    "cka": 0.35785816113154095,
    "cka_std": 0.03528297176580731,
    "mknn": 0.15266927083333334,
    "mknn_std": 0.0017077729306179453,
    "svcca": 0.41025199736965007,
    "svcca_std": 0.007449597856356641,
    "procrustes": 24.60694758097331,
    "procrustes_std": 0.2091517498533812
  }
}