{
  "layer_1": {
    "loss": 1.382502583890873,
    "loss_std": 0.0142693331147394,
    "metric": 0.7455434263241077,
    "metric_std": 0.0028885040915041563,
    "cka": 0.00806242429340879,
    "cka_std": 0.00037564099296962265,
    "mknn": 0.033182779947916664,
    "mknn_std": 0.0007101851267784448,
    "svcca": 0.0960346174091999,
    "svcca_std": 0.00020201077658534114,
    "procrustes": 3.426520347595215,
    "procrustes_std": 0.0959291398927582
  },
  "layer_2": {
    "loss": 0.9845461689985889,
    "loss_std": 0.0065620962310623384,
    "metric": 0.8013746462307494,
    "metric_std": 0.00242640312332843,
    "cka": 0.02077883544067542,
    "cka_std": 0.00037872380739713073,
    "mknn": 0.037068684895833336,
    "mknn_std": 0.00043895363383771605,
    "svcca": 0.10274034950051636,
    "svcca_std": 0.0032076020040235544,
    "procrustes": 4.05844259262085,
    "procrustes_std": 0.03594212959516302
  },
  "layer_3": {
    "loss": 0.9274133129794366,
    "loss_std": 0.0014327683772517243,
    "metric": 0.8050134156650861,
    "metric_std": 0.001549834134032307,
    "cka": 0.024486312021811802,
    "cka_std": 0.0010565095233373539,
    "mknn": 0.040354410807291664,
    "mknn_std": 0.00082051370565087,
    "svcca": 0.1145139493445708,
    "svcca_std": 0.004565305897126174,
    "procrustes": 4.996490955352783,
    "procrustes_std": 0.06443927483339551
  },
  "layer_4": {
    "loss": 0.8045824391101878,
    "loss_std": 0.00436437398079699,
    "metric": 0.828389752637189,
    "metric_std": 0.0005788222056097553,
    "cka": 0.02987540264924367,
    "cka_std": 0.0011930495873520863,
    "mknn": 0.040303548177083336,
    "mknn_std": 0.0006784396159071072,
    "svcca": 0.11711045342661508,
    "svcca_std": 0.004631859397711769,
    "procrustes": 5.573410193125407,
    "procrustes_std": 0.03615671661959711
  },
  "layer_5": {
    "loss": 0.767445298843291,
    "loss_std": 0.008147670870179959,
    "metric": 0.836622927922961,
    "metric_std": 0.0011887353716908372,
    "cka": 0.032348536575833954,
    "cka_std": 0.0029035694989166783,
    "mknn": 0.043355305989583336,
    "mknn_std": 0.00037403923158468085,
    "svcca": 0.12998669271813856,
    "svcca_std": 0.0022855130465749603,
    "procrustes": 6.5164211591084795,
    "procrustes_std": 0.0695861056170981
  },
  "layer_6": {
    "loss": 0.7169205803698014,
    "loss_std": 0.006233739716401404,
    "metric": 0.8443782850001837,
    "metric_std": 0.0026864037511848487,
    "cka": 0.0421809454758962,
    "cka_std": 0.0015922616302163906,
    "mknn": 0.048146565755208336,
    "mknn_std": 0.0006255896753548909,
    "svcca": 0.12745931329556917,
    "svcca_std": 0.004201308388269129,
    "procrustes": 9.436151504516602,
    "procrustes_std": 0.2473414243006167
  },
  "layer_7": {
    "loss": 0.6850036288327644,
    "loss_std": 0.009012090016905644,
    "metric": 0.8529055022604477,
    "metric_std": 0.0016004367300383939,
    "cka": 0.05707755188147227,
    "cka_std": 0.0025827041546518698,
    "mknn": 0.048553466796875,
    "mknn_std": 0.0012957099062573777,
    "svcca": 0.13519315851326166,
    "svcca_std": 0.006695515699723144,
    "procrustes": 12.021274248758951,
    "procrustes_std": 0.23883970812393704
  },
  "layer_8": {
    "loss": 0.7495669320469966,
    "loss_std": 0.022976999240206266,
    "metric": 0.88271400742456,
    "metric_std": 0.0017650174151568302,
    "cka": 0.44688981771469116,
    "cka_std": 0.03119378248239684,
    "mknn": 0.2545572916666667,
    "mknn_std": 0.017035194089997614,
    "svcca": 0.45620443911111613,
    "svcca_std": 0.035298085094389614,
    "procrustes": 10.12602965037028,
    "procrustes_std": 0.32297096956081245
  },
  "layer_9": {
    "loss": 1.003156454533693,
    "loss_std": 0.055803884088050405,
    "metric": 0.8932995185062668,
    "metric_std": 0.0030201990052816183,
    "cka": 0.319404403368632,
    "cka_std": 0.0026485443212589006,
    "mknn": 0.21564737955729166,
    "mknn_std": 0.001681577324152752,
    "svcca": 0.33963276801976194,
    "svcca_std": 0.009502846444375943,
    "procrustes": 19.523303349812824,
    "procrustes_std": 0.18331394615356544
  },
  "layer_10": {
    "loss": 1.3957794714953142,
    "loss_std": 0.04521836350162749,
    "metric": 0.9010548755834895,
    "metric_std": 0.001455433518816737,
    "cka": 0.3967992961406708,
    "cka_std": 0.006561597020753042,
    "mknn": 0.2907613118489583,
    "mknn_std": 0.005557793838564499,
    "svcca": 0.4648214610657833,
    "svcca_std": 0.02465110742905092,
    "procrustes": 22.18003972371419,
    "procrustes_std": 0.12031358643219912
  },
  "layer_11": {
    "loss": 4.06062328119931,
    "loss_std": 0.1575900943420748,
    "metric": 0.9059800786562282,
    "metric_std": 0.004270890090680379,
    "cka": 0.4404764374097188,
    "cka_std": 0.007338716696226282,
    "mknn": 0.3473409016927083,
    "mknn_std": 0.0006175988458927629,
    "svcca": 0.5364802222839385,
    "svcca_std": 0.02087656935386476,
    "procrustes": 22.60202407836914,
    "procrustes_std": 0.33131695930397
  },
  "layer_12": {
    "loss": 8.821507632487474,
    "loss_std": 0.6753737343147246,
    "metric": 0.9083691696989745,
    "metric_std": 0.001211251299539394,
    "cka": 0.4608655671278636,
    "cka_std": 0.0033242070951371968,
    "mknn": 0.373687744140625,
    "mknn_std": 0.005563469720101586,
    "svcca": 0.4686996494392141,
    "svcca_std": 0.03963799136470278,
    "procrustes": 23.183760325113933,
    "procrustes_std": 0.003935439520755507
  }
}