{
  "layer_1": {
    "loss": 0.24409898803303898,
    "loss_std": 0.0003005759921788423,
    "metric": 0.11137224123177462,
    "metric_std": 0.0018438641517418367,
    "cka": 0.011950627279778322,
    "cka_std": 0.0016939063885785279,
    "mknn": 0.033233642578125,
    "mknn_std": 0.000993892756190937,
    "svcca": 0.11076921134825941,
    "svcca_std": 0.0035826263075262113,
    "procrustes": 2.435246308644613,
    "procrustes_std": 0.016741598595999836
  },
  "layer_2": {
    "loss": 0.21146614799055005,
    "loss_std": 0.0008264413829514898,
    "metric": 0.2879247757457735,
    "metric_std": 0.006508887620566893,
    "cka": 0.020943382754921913,
    "cka_std": 0.0011481709332583144,
    "mknn": 0.032511393229166664,
    "mknn_std": 0.0006729262454647309,
    "svcca": 0.12272391233516595,
    "svcca_std": 0.0021387951126727025,
    "procrustes": 3.8272719383239746,
    "procrustes_std": 0.03579431850888852
  },
  "layer_3": {
    "loss": 0.19876076907501136,
    "loss_std": 0.0001824812746897241,
    "metric": 0.3967739703222872,
    "metric_std": 0.0018649835121545715,
    "cka": 0.03916414827108383,
    "cka_std": 0.0013059625530767811,
    "mknn": 0.034332275390625,
    "mknn_std": 0.0006882824635431832,
    "svcca": 0.14249966812999867,
    "svcca_std": 0.0031083197433734106,
    "procrustes": 5.105001608530681,
    "procrustes_std": 0.08881357727031661
  },
  "layer_4": {
    "loss": 0.1923721123182535,
    "loss_std": 0.000609133048039031,
    "metric": 0.45660456811351047,
    "metric_std": 0.0011121442820166898,
    "cka": 0.04402250672380129,
    "cka_std": 0.0006503281080305533,
    "mknn": 0.03656005859375,
    "mknn_std": 9.966999278902906e-05,
    "svcca": 0.1397864231372378,
    "svcca_std": 0.00021612625198593854,
    "procrustes": 5.9148867925008135,
    "procrustes_std": 0.07887123222977153
  },
  "layer_5": {
    "loss": 0.19605819507859337,
    "loss_std": 0.0016899456033733968,
    "metric": 0.48150750224530986,
    "metric_std": 0.002575917204586968,
    "cka": 0.05029205729564031,
    "cka_std": 0.002405008221546159,
    "mknn": 0.036600748697916664,
    "mknn_std": 0.0010472268482772775,
    "svcca": 0.14606506322853743,
    "svcca_std": 0.0031871264257012765,
    "procrustes": 7.543054262797038,
    "procrustes_std": 0.057023362580955424
  },
  "layer_6": {
    "loss": 0.19526566009017587,
    "loss_std": 0.001726523189374087,
    "metric": 0.48943238325560606,
    "metric_std": 0.001682987447291543,
    "cka": 0.055573608726263046,
    "cka_std": 0.0032692693454386,
    "mknn": 0.038838704427083336,
    "mknn_std": 0.000831786747101222,
    "svcca": 0.15176761565570723,
    "svcca_std": 0.0018447245211679019,
    "procrustes": 10.311784108479818,
    "procrustes_std": 0.07886706963035739
  },
  "layer_7": {
    "loss": 0.1922163329808052,
    "loss_std": 0.0030531277367331004,
    "metric": 0.5061820580531309,
    "metric_std": 0.003467525217270862,
    "cka": 0.06468431899944942,
    "cka_std": 0.00043851512745121337,
    "mknn": 0.040415445963541664,
    "mknn_std": 0.0006802674762898962,
    "svcca": 0.1619555209452662,
    "svcca_std": 0.002801667755486109,
    "procrustes": 13.204651514689127,
    "procrustes_std": 0.1090609843347508
  },
  "layer_8": {
    "loss": 0.20998249396788934,
    "loss_std": 0.00308339584524277,
    "metric": 0.48537803033041715,
    "metric_std": 0.008089259011495986,
    "cka": 0.6641709009806315,
    "cka_std": 0.005586777520335017,
    "mknn": 0.2566630045572917,
    "mknn_std": 0.006753530769018097,
    "svcca": 0.5681858382959297,
    "svcca_std": 0.011544733946224631,
    "procrustes": 11.761069933573404,
    "procrustes_std": 0.22712545759028088
  },
  "layer_9": {
    "loss": 0.2037189682064512,
    "loss_std": 0.00454789326419855,
    "metric": 0.5172836041324766,
    "metric_std": 0.002264563024389233,
    "cka": 0.5642881989479065,
    "cka_std": 0.013429008438185688,
    "mknn": 0.183929443359375,
    "mknn_std": 0.005528540959009636,
    "svcca": 0.4979805827055421,
    "svcca_std": 0.019480617474670323,
    "procrustes": 17.699234008789062,
    "procrustes_std": 0.23377553825332836
  },
  "layer_10": {
    "loss": 0.22239132071871545,
    "loss_std": 0.007899826252700127,
    "metric": 0.509037263638728,
    "metric_std": 0.00570132127642806,
    "cka": 0.6364630858103434,
    "cka_std": 0.018485850492325,
    "mknn": 0.2605387369791667,
    "mknn_std": 0.005022735595445595,
    "svcca": 0.6423635266422566,
    "svcca_std": 0.023320507532985243,
    "procrustes": 19.815329869588215,
    "procrustes_std": 0.19201096548948707
  },
  "layer_11": {
    "loss": 0.27502355652631216,
    "loss_std": 0.02312278012750989,
    "metric": 0.531935591143922,
    "metric_std": 0.00411016456968138,
    "cka": 0.7530750036239624,
    "cka_std": 0.01536359756526219,
    "mknn": 0.4690958658854167,
    "mknn_std": 0.010718994920661513,
    "svcca": 0.7673334934428616,
    "svcca_std": 0.005089092592947246,
    "procrustes": 22.008827209472656,
    "procrustes_std": 0.28591078159887107
  },
  "layer_12": {
    "loss": 0.2955298963101876,
    "loss_std": 0.03307349914289338,
    "metric": 0.5419846956993838,
    "metric_std": 0.0010515288473603025,
    "cka": 0.7821450034777323,
    "cka_std": 0.006918112181473705,
    "mknn": 0.5752156575520834,
    "mknn_std": 0.013928510027889057,
    "svcca": 0.814256756743073,
    "svcca_std": 0.02742210002174361,
    "procrustes": 18.54568354288737,
    "procrustes_std": 0.5840863899761372
  }
}