{
  "layer_1": {
    "loss": 1.46701603202803,
    "loss_std": 0.01620474955254682,
    "metric": 0.7255118168118498,
    "metric_std": 0.0037838272537600265,
    "cka": 0.008621726495524248,
    "cka_std": 0.0007690390471873079,
    "mknn": 0.034159342447916664,
    "mknn_std": 0.00030754021113751164,
    "svcca": 0.0896826639233016,
    "svcca_std": 0.0032615758087781136,
    "procrustes": 3.4939583937327066,
    "procrustes_std": 0.05541265025775097
  },
  "layer_2": {
    "loss": 1.0189973370898635,
    "loss_std": 0.007870270412974957,
    "metric": 0.7985077369794539,
    "metric_std": 0.001621402212674143,
    "cka": 0.017205294221639633,
    "cka_std": 0.0007453123294166634,
    "mknn": 0.037099202473958336,
    "mknn_std": 0.0005035143502101474,
    "svcca": 0.10391369289898218,
    "svcca_std": 0.0012331271099671884,
    "procrustes": 4.047312339146932,
    "procrustes_std": 0.05375294837243641
  },
  "layer_3": {
    "loss": 0.9413480843542726,
    "loss_std": 0.005722700524798274,
    "metric": 0.807292240967398,
    "metric_std": 0.001531419609365216,
    "cka": 0.01875259665151437,
    "cka_std": 0.0008802582295759482,
    "mknn": 0.03900146484375,
    "mknn_std": 0.00032678992521584086,
    "svcca": 0.10799037937030842,
    "svcca_std": 0.001918539438818833,
    "procrustes": 5.0751058260599775,
    "procrustes_std": 0.058244279654793535
  },
  "layer_4": {
    "loss": 0.8229097910349951,
    "loss_std": 0.008754808612243233,
    "metric": 0.8282794868967546,
    "metric_std": 0.002045785283210284,
    "cka": 0.02107490971684456,
    "cka_std": 0.001509831219148479,
    "mknn": 0.0399169921875,
    "mknn_std": 0.0006088237714617921,
    "svcca": 0.11141791212293739,
    "svcca_std": 0.0029325537797471306,
    "procrustes": 5.2818922996521,
    "procrustes_std": 0.12006616266084869
  },
  "layer_5": {
    "loss": 0.7712603375359605,
    "loss_std": 0.013602600591295333,
    "metric": 0.8317344800970338,
    "metric_std": 0.0042199761554842985,
    "cka": 0.026437874262531597,
    "cka_std": 0.0013368632719510316,
    "mknn": 0.044077555338541664,
    "mknn_std": 0.0007857247524954231,
    "svcca": 0.11657298285280664,
    "svcca_std": 0.005834595754986574,
    "procrustes": 6.478605429331462,
    "procrustes_std": 0.0865400967635284
  },
  "layer_6": {
    "loss": 0.7512856128245972,
    "loss_std": 0.01990639859723229,
    "metric": 0.8439004667916344,
    "metric_std": 0.0026712746441146544,
    "cka": 0.034278338154157005,
    "cka_std": 0.0006142654927251481,
    "mknn": 0.045389811197916664,
    "mknn_std": 0.0011023939765742242,
    "svcca": 0.11996635808978527,
    "svcca_std": 0.0038130383149795883,
    "procrustes": 9.398124059041342,
    "procrustes_std": 0.31082805753098436
  },
  "layer_7": {
    "loss": 0.7549959157747779,
    "loss_std": 0.01256813456889105,
    "metric": 0.8579409710736208,
    "metric_std": 0.0008556949848805825,
    "cka": 0.05440782507260641,
    "cka_std": 0.004629466839476425,
    "mknn": 0.053426106770833336,
    "mknn_std": 0.0005010420880543926,
    "svcca": 0.12667166688972686,
    "svcca_std": 0.005256860468368351,
    "procrustes": 13.941006024678549,
    "procrustes_std": 0.3704713586390615
  },
  "layer_8": {
    "loss": 0.785957825313873,
    "loss_std": 0.049812276012030386,
    "metric": 0.8642261182783842,
    "metric_std": 0.004051755439268011,
    "cka": 0.06435240680972736,
    "cka_std": 0.005150026864215557,
    "mknn": 0.057769775390625,
    "mknn_std": 0.0016161835851592516,
    "svcca": 0.15386219365426182,
    "svcca_std": 0.009533206821464146,
    "procrustes": 18.114486694335938,
    "procrustes_std": 0.28215621110302075
  },
  "layer_9": {
    "loss": 0.87153783808788,
    "loss_std": 0.08291217056448044,
    "metric": 0.8713933914066233,
    "metric_std": 0.009988369347374744,
    "cka": 0.07073904077212016,
    "cka_std": 0.005189445898573334,
    "mknn": 0.058095296223958336,
    "mknn_std": 0.004886011559191086,
    "svcca": 0.16423536537331543,
    "svcca_std": 0.012669535664394998,
    "procrustes": 26.409180959065754,
    "procrustes_std": 0.4592811999727061
  },
  "layer_10": {
    "loss": 0.7981981124388463,
    "loss_std": 0.0361913898707303,
    "metric": 0.9041055610688425,
    "metric_std": 0.0025214206470603505,
    "cka": 0.7368884682655334,
    "cka_std": 0.013703143830284592,
    "mknn": 0.4213765462239583,
    "mknn_std": 0.012722019892661104,
    "svcca": 0.6478948252571349,
    "svcca_std": 0.005728045761423453,
    "procrustes": 25.961249669392902,
    "procrustes_std": 1.6992000556955837
  },
  "layer_11": {
    "loss": 1.716690270525304,
    "loss_std": 0.1375458629407771,
    "metric": 0.9164920792443122,
    "metric_std": 0.001760419011993676,
    "cka": 0.6851209799448649,
    "cka_std": 0.03812649384346235,
    "mknn": 0.4377339680989583,
    "mknn_std": 0.0025394260113674725,
    "svcca": 0.6230325199767688,
    "svcca_std": 0.01320279242107551,
    "procrustes": 18.26875368754069,
    "procrustes_std": 0.5316786959955316
  },
  "layer_12": {
    "loss": 6.761132851689833,
    "loss_std": 0.1999874261259399,
    "metric": 0.9171904289337304,
    "metric_std": 0.0017527281975324648,
    "cka": 0.9963277180989584,
    "cka_std": 0.0012654335687351484,
    "mknn": 0.8398844401041666,
    "mknn_std": 0.011205793537909785,
    "svcca": 0.8281717008644334,
    "svcca_std": 0.01902167791853131,
    "procrustes": 9.898440678914389,
    "procrustes_std": 0.6920715543611875
  }
}