{
  "layer_1": {
    "loss": 0.6737190719180637,
    "loss_std": 0.0006795012448056733,
    "metric": 0.5773172501221896,
    "metric_std": 0.0015553957343480641,
    "cka": 0.009867461398243904,
    "cka_std": 0.0005926551668299475,
    "mknn": 0.038218180338541664,
    "mknn_std": 0.0007101851267784448,
    "svcca": 0.11996839950365777,
    "svcca_std": 0.0017544357093372002,
    "procrustes": 3.451209306716919,
    "procrustes_std": 0.03777106929877656
  },
  "layer_2": {
    "loss": 0.6816333822409311,
    "loss_std": 8.730472205492257e-05,
    "metric": 0.5966854533235583,
    "metric_std": 0.0006010610572604923,
    "cka": 0.03430057813723882,
    "cka_std": 0.0019393218405781539,
    "mknn": 0.047129313151041664,
    "mknn_std": 0.00047102200939087835,
    "svcca": 0.1340384937753185,
    "svcca_std": 0.0027202752584184406,
    "procrustes": 4.226009845733643,
    "procrustes_std": 0.03895366403924507
  },
  "layer_3": {
    "loss": 0.7582872505187987,
    "loss_std": 0.0012114343427112623,
    "metric": 0.6305888013196481,
    "metric_std": 0.0004557491285840966,
    "cka": 0.03339546794692675,
    "cka_std": 0.0027187819852950365,
    "mknn": 0.044087727864583336,
    "mknn_std": 0.0002233327067067479,
    "svcca": 0.12245552476960268,
    "svcca_std": 0.0027936474175419878,
    "procrustes": 5.439141432444255,
    "procrustes_std": 0.032665394619731815
  },
  "layer_4": {
    "loss": 0.7004225707848867,
    "loss_std": 0.002867376804936992,
    "metric": 0.6443876771749756,
    "metric_std": 0.0011869791614377958,
    "cka": 0.04107704386115074,
    "cka_std": 0.0018612178907638007,
    "mknn": 0.044423421223958336,
    "mknn_std": 0.0004610298337249618,
    "svcca": 0.14216886110148738,
    "svcca_std": 0.0027630519329645362,
    "procrustes": 5.864278475443522,
    "procrustes_std": 0.22814710263683316
  },
  "layer_5": {
    "loss": 0.7374766690068775,
    "loss_std": 0.010876839887516428,
    "metric": 0.6543904264418378,
    "metric_std": 0.002884350025286804,
    "cka": 0.04549738268057505,
    "cka_std": 0.0018714321616553002,
    "mknn": 0.045257568359375,
    "mknn_std": 0.0001556097263669673,
    "svcca": 0.14264329981348026,
    "svcca_std": 0.005706166450465464,
    "procrustes": 6.94592301050822,
    "procrustes_std": 0.06872155059332648
  },
  "layer_6": {
    "loss": 0.9333107385304239,
    "loss_std": 0.007828562866355079,
    "metric": 0.6641611681329423,
    "metric_std": 0.0015583901488171418,
    "cka": 0.04762753223379453,
    "cka_std": 0.0013668203940151453,
    "mknn": 0.04534912109375,
    "mknn_std": 0.0008085718566584332,
    "svcca": 0.13527928639542772,
    "svcca_std": 0.005189164057806087,
    "procrustes": 10.344511349995932,
    "procrustes_std": 0.06719712786880525
  },
  "layer_7": {
    "loss": 0.9580934649838341,
    "loss_std": 0.030261900347093987,
    "metric": 0.6670185728250244,
    "metric_std": 0.003028161398963944,
    "cka": 0.051812501003344856,
    "cka_std": 0.0013373736679837794,
    "mknn": 0.044392903645833336,
    "mknn_std": 0.00019354550771525522,
    "svcca": 0.13476737749204998,
    "svcca_std": 0.0006627577447716976,
    "procrustes": 14.50067138671875,
    "procrustes_std": 0.30582929192396663
  },
  "layer_8": {
    "loss": 0.9060415450533231,
    "loss_std": 0.012192233901523,
    "metric": 0.6733484543010753,
    "metric_std": 0.0037704008269253565,
    "cka": 0.05156912406285604,
    "cka_std": 0.0007546439471357357,
    "mknn": 0.047312418619791664,
    "mknn_std": 0.0010689384073776767,
    "svcca": 0.14092032011285938,
    "svcca_std": 0.0016528880189704798,
    "procrustes": 17.37066904703776,
    "procrustes_std": 0.24142030773362552
  },
  "layer_9": {
    "loss": 1.0369479034675493,
    "loss_std": 0.04995604670668342,
    "metric": 0.671751893939394,
    "metric_std": 0.0005105217033712792,
    "cka": 0.04742297405997912,
    "cka_std": 0.0007362419845612602,
    "mknn": 0.047475179036458336,
    "mknn_std": 0.0012866536505688106,
    "svcca": 0.14356223980852686,
    "svcca_std": 0.003662344419496443,
    "procrustes": 25.406518936157227,
    "procrustes_std": 0.30232052859907566
  },
  "layer_10": {
    "loss": 1.4186211275673575,
    "loss_std": 0.06388176722143676,
    "metric": 0.7376499877810362,
    "metric_std": 0.0031481107893827956,
    "cka": 0.30577006936073303,
    "cka_std": 0.019766898875803587,
    "mknn": 0.168792724609375,
    "mknn_std": 0.0031376265704194336,
    "svcca": 0.46699291983367086,
    "svcca_std": 0.012762929827345162,
    "procrustes": 27.69728406270345,
    "procrustes_std": 0.38498392566351236
  },
  "layer_11": {
    "loss": 2.451419108502929,
    "loss_std": 0.3750009981501197,
    "metric": 0.7536610306695991,
    "metric_std": 0.0058657632803099475,
    "cka": 0.35538430015246075,
    "cka_std": 0.02623280003208218,
    "mknn": 0.17972819010416666,
    "mknn_std": 0.0036320049431995236,
    "svcca": 0.4507387806752445,
    "svcca_std": 0.005589220317411702,
    "procrustes": 30.014122645060223,
    "procrustes_std": 0.05704562639186974
  },
  "layer_12": {
    "loss": 3.9617322368314354,
    "loss_std": 0.8021282102994483,
    "metric": 0.7431779233870968,
    "metric_std": 0.010041373549542116,
    "cka": 0.9968568881352743,
    "cka_std": 0.0005152410114081442,
    "mknn": 0.5199686686197916,
    "mknn_std": 0.02053524382732234,
    "svcca": 0.6526943605289491,
    "svcca_std": 0.024433945419013035,
    "procrustes": 9.999713261922201,
    "procrustes_std": 0.7842098159810063
  }
}