{
  "layer_1": {
    "loss": 0.2485098919166806,
    "loss_std": 0.000506556041639369,
    "metric": 0.09413977287602555,
    "metric_std": 0.0014438971757210213,
    "cka": 0.009266003966331482,
    "cka_std": 0.0006802882192889883,
    "mknn": 0.032694498697916664,
    "mknn_std": 0.0012861710046060074,
    "svcca": 0.09499034214720925,
    "svcca_std": 0.002848801767939196,
    "procrustes": 2.30040709177653,
    "procrustes_std": 0.010940160472947356
  },
  "layer_2": {
    "loss": 0.21777610349146967,
    "loss_std": 0.00023594612280569024,
    "metric": 0.23504820557710568,
    "metric_std": 0.002715946798391486,
    "cka": 0.014506992263098558,
    "cka_std": 0.0012675785126579021,
    "mknn": 0.030568440755208332,
    "mknn_std": 6.270766197681658e-05,
    "svcca": 0.11745873281130481,
    "svcca_std": 0.0031952118046355816,
    "procrustes": 3.3963281313578286,
    "procrustes_std": 0.03537053279120524
  },
  "layer_3": {
    "loss": 0.20095006264765322,
    "loss_std": 0.0003142686170046591,
    "metric": 0.3590318853241527,
    "metric_std": 0.0015596012163922202,
    "cka": 0.021254651248455048,
    "cka_std": 0.0013998308726788351,
    "mknn": 0.034098307291666664,
    "mknn_std": 0.0003491414856309105,
    "svcca": 0.137090331426463,
    "svcca_std": 0.0018893142581130802,
    "procrustes": 4.37810738881429,
    "procrustes_std": 0.037488004168406516
  },
  "layer_4": {
    "loss": 0.19412839663337914,
    "loss_std": 0.0002506217832828594,
    "metric": 0.4287958553485757,
    "metric_std": 0.0020849661940100187,
    "cka": 0.024325309321284294,
    "cka_std": 0.0018365754215531205,
    "mknn": 0.037679036458333336,
    "mknn_std": 0.0006659703492567102,
    "svcca": 0.1435742393535697,
    "svcca_std": 0.002164625244283611,
    "procrustes": 5.159447193145752,
    "procrustes_std": 0.06455928748086373
  },
  "layer_5": {
    "loss": 0.20020626928096683,
    "loss_std": 0.00044216047977941805,
    "metric": 0.44994929366402414,
    "metric_std": 0.0031138066216187255,
    "cka": 0.030088755612572033,
    "cka_std": 0.003107566082006549,
    "mknn": 0.036244710286458336,
    "mknn_std": 0.0006784396159071072,
    "svcca": 0.14773804343338373,
    "svcca_std": 0.002554147214563104,
    "procrustes": 6.791642824808757,
    "procrustes_std": 0.22090137933425907
  },
  "layer_6": {
    "loss": 0.20167599543431627,
    "loss_std": 0.002289249332073899,
    "metric": 0.46622857213086605,
    "metric_std": 0.005412325451375912,
    "cka": 0.028411900003751118,
    "cka_std": 0.005516037552868454,
    "mknn": 0.038187662760416664,
    "mknn_std": 0.0008668759065913776,
    "svcca": 0.15518576212871787,
    "svcca_std": 0.0041804716019797315,
    "procrustes": 9.329583168029785,
    "procrustes_std": 0.6060361020647546
  },
  "layer_7": {
    "loss": 0.19764484517547984,
    "loss_std": 0.0012768374651300188,
    "metric": 0.4776152200427792,
    "metric_std": 0.0009904618145109361,
    "cka": 0.024260551668703556,
    "cka_std": 0.0068172052384349955,
    "mknn": 0.03753662109375,
    "mknn_std": 0.0008848343598625747,
    "svcca": 0.14993913617064647,
    "svcca_std": 0.0030521436366418016,
    "procrustes": 12.213514963785807,
    "procrustes_std": 1.2896763259889463
  },
  "layer_8": {
    "loss": 0.21231444151311515,
    "loss_std": 0.0048460993501437495,
    "metric": 0.46095984481925406,
    "metric_std": 0.011849986403662294,
    "cka": 0.023496403669317562,
    "cka_std": 0.0054667124860223295,
    "mknn": 0.039967854817708336,
    "mknn_std": 0.0014034399755691973,
    "svcca": 0.16057484547086476,
    "svcca_std": 0.00863116223774742,
    "procrustes": 14.77895482381185,
    "procrustes_std": 1.164039314643184
  },
  "layer_9": {
    "loss": 0.21004513182362106,
    "loss_std": 0.0007801165460646876,
    "metric": 0.49421459926004646,
    "metric_std": 0.0035557912324300943,
    "cka": 0.014467435888946056,
    "cka_std": 0.0022209008675743093,
    "mknn": 0.0406494140625,
    "mknn_std": 0.002075344903079578,
    "svcca": 0.15950146447806277,
    "svcca_std": 0.007007485487699949,
    "procrustes": 20.848217010498047,
    "procrustes_std": 0.9640513494377007
  },
  "layer_10": {
    "loss": 0.21146166814815467,
    "loss_std": 0.0023858842571153303,
    "metric": 0.5059927888380519,
    "metric_std": 0.003218870527462429,
    "cka": 0.12560229251782098,
    "cka_std": 0.023298960535674592,
    "mknn": 0.3356119791666667,
    "mknn_std": 0.05613538144942804,
    "svcca": 0.5901749449523094,
    "svcca_std": 0.01010736814657063,
    "procrustes": 24.23961893717448,
    "procrustes_std": 0.40881594026217644
  },
  "layer_11": {
    "loss": 0.2244317258799541,
    "loss_std": 0.002273143666524882,
    "metric": 0.5091368550491997,
    "metric_std": 0.012174986411354324,
    "cka": 0.5286802897850672,
    "cka_std": 0.2789409483608737,
    "mknn": 0.5850423177083334,
    "mknn_std": 0.05580563045669104,
    "svcca": 0.7519462845713053,
    "svcca_std": 0.026745982614839226,
    "procrustes": 24.352959950764973,
    "procrustes_std": 0.38034706023706266
  },
  "layer_12": {
    "loss": 0.2888701829885176,
    "loss_std": 0.010812935161821271,
    "metric": 0.4926821160038009,
    "metric_std": 0.008975528767350922,
    "cka": 0.9829994638760885,
    "cka_std": 0.00780566902221025,
    "mknn": 0.8391825358072916,
    "mknn_std": 0.01746715438772449,
    "svcca": 0.9099470746221082,
    "svcca_std": 0.03874874336190306,
    "procrustes": 7.920743624369304,
    "procrustes_std": 2.790243180333409
  }
}