{
  "layer_1": {
    "loss": 1.7339905131430853,
    "metric": 0.6945638989965818,
    "mknn": 0.03204345703125,
    "cka": 0.004153652116656303,
    "svcca": 0.09873120454360099,
    "procrustes": 3.689932346343994
  },
  "layer_2": {
    "loss": 1.1070848540181206,
    "metric": 0.7874076524423862,
    "mknn": 0.037261962890625,
    "cka": 0.01491949800401926,
    "svcca": 0.1036570110062885,
    "procrustes": 4.523376941680908
  },
  "layer_3": {
    "loss": 0.8820667362244672,
    "metric": 0.8217002977174992,
    "mknn": 0.040313720703125,
    "cka": 0.02052554115653038,
    "svcca": 0.10783199877557079,
    "procrustes": 5.650495529174805
  },
  "layer_4": {
    "loss": 0.7461035157992411,
    "metric": 0.8412173337743963,
    "mknn": 0.04193115234375,
    "cka": 0.030981633812189102,
    "svcca": 0.12100603287863465,
    "procrustes": 6.045219421386719
  },
  "layer_5": {
    "loss": 0.6799605380960558,
    "metric": 0.8515823133752343,
    "mknn": 0.046173095703125,
    "cka": 0.045819107443094254,
    "svcca": 0.127192606006528,
    "procrustes": 8.657434463500977
  },
  "layer_6": {
    "loss": 0.5692666232876638,
    "metric": 0.8755099790495093,
    "mknn": 0.0653076171875,
    "cka": 0.07201796770095825,
    "svcca": 0.1658194107038145,
    "procrustes": 16.045988082885742
  },
  "layer_7": {
    "loss": 0.6289526577395259,
    "metric": 0.8883008049399052,
    "mknn": 0.32000732421875,
    "cka": 0.4665643572807312,
    "svcca": 0.4894588296232378,
    "procrustes": 14.830611228942871
  },
  "layer_8": {
    "loss": 0.5723002447692644,
    "metric": 0.8993273789833499,
    "mknn": 0.271240234375,
    "cka": 0.3212297558784485,
    "svcca": 0.4770264116588951,
    "procrustes": 17.82697868347168
  },
  "layer_9": {
    "loss": 1.2022561371105256,
    "metric": 0.8998787076855221,
    "mknn": 0.39044189453125,
    "cka": 0.551756739616394,
    "svcca": 0.5569713831041389,
    "procrustes": 18.70075225830078
  },
  "layer_10": {
    "loss": 1.8238703562322842,
    "metric": 0.9023045539750799,
    "mknn": 0.371673583984375,
    "cka": 0.5165267586708069,
    "svcca": 0.5391992329386446,
    "procrustes": 19.595867156982422
  },
  "layer_11": {
    "loss": 3.0597098230425317,
    "metric": 0.9043996030433344,
    "mknn": 0.356109619140625,
    "cka": 0.4678634703159332,
    "svcca": 0.4479611779938909,
    "procrustes": 21.19928741455078
  },
  "layer_12": {
    "loss": 4.544798999575141,
    "metric": 0.90329694563899,
    "mknn": 0.338409423828125,
    "cka": 0.3724859058856964,
    "svcca": 0.3987267317396086,
    "procrustes": 25.87432861328125
  }
}