{
  "layer_1": {
    "loss": 0.2574392466501157,
    "metric": 0.06181071566932839,
    "mknn": 0.032501220703125,
    "cka": 0.012204203754663467,
    "svcca": 0.10014915286635737,
    "procrustes": 2.1492185592651367
  },
  "layer_2": {
    "loss": 0.20855516799583962,
    "metric": 0.30195479877341275,
    "mknn": 0.033966064453125,
    "cka": 0.02439883165061474,
    "svcca": 0.12790827661825782,
    "procrustes": 4.178774833679199
  },
  "layer_3": {
    "loss": 0.1942392090498577,
    "metric": 0.41318577065578416,
    "mknn": 0.0360107421875,
    "cka": 0.04248696193099022,
    "svcca": 0.13702911566024817,
    "procrustes": 5.230082035064697
  },
  "layer_4": {
    "loss": 0.1905374974012375,
    "metric": 0.4558235982181541,
    "mknn": 0.038421630859375,
    "cka": 0.0478527694940567,
    "svcca": 0.14386982815344082,
    "procrustes": 6.132767677307129
  },
  "layer_5": {
    "loss": 0.1902057125409078,
    "metric": 0.5037790847808362,
    "mknn": 0.03741455078125,
    "cka": 0.05156126245856285,
    "svcca": 0.14804407760312865,
    "procrustes": 10.926389694213867
  },
  "layer_6": {
    "loss": 0.19296305070412323,
    "metric": 0.5166556002269964,
    "mknn": 0.040985107421875,
    "cka": 0.06578480452299118,
    "svcca": 0.16759552597024935,
    "procrustes": 16.972444534301758
  },
  "layer_7": {
    "loss": 0.19879472829092482,
    "metric": 0.5335221579471404,
    "mknn": 0.16082763671875,
    "cka": 0.4586330056190491,
    "svcca": 0.4332548997700633,
    "procrustes": 19.917144775390625
  },
  "layer_8": {
    "loss": 0.19798932914635003,
    "metric": 0.5306520160416561,
    "mknn": 0.12615966796875,
    "cka": 0.34814801812171936,
    "svcca": 0.43354497473706954,
    "procrustes": 19.688854217529297
  },
  "layer_9": {
    "loss": 0.20292926572846925,
    "metric": 0.5247465567038078,
    "mknn": 0.46527099609375,
    "cka": 0.7870798707008362,
    "svcca": 0.7263668401776339,
    "procrustes": 15.595519065856934
  },
  "layer_10": {
    "loss": 0.20937394316432661,
    "metric": 0.5453796729205199,
    "mknn": 0.432464599609375,
    "cka": 0.751622200012207,
    "svcca": 0.6833303347045548,
    "procrustes": 17.588459014892578
  },
  "layer_11": {
    "loss": 0.22052633302277683,
    "metric": 0.5410756434879925,
    "mknn": 0.408203125,
    "cka": 0.6794710159301758,
    "svcca": 0.692332082028573,
    "procrustes": 19.429553985595703
  },
  "layer_12": {
    "loss": 0.25421215422142485,
    "metric": 0.5289749824207015,
    "mknn": 0.354766845703125,
    "cka": 0.5141336917877197,
    "svcca": 0.6285681806124496,
    "procrustes": 26.74654769897461
  }
}