{
  "layer_1": {
    "loss": 1.7415499040689417,
    "metric": 0.693130444370934,
    "mknn": 0.0308837890625,
    "cka": 0.004194941837340593,
    "svcca": 0.09943781934950072,
    "procrustes": 3.6180901527404785
  },
  "layer_2": {
    "loss": 1.1547920713348994,
    "metric": 0.7831072885654428,
    "mknn": 0.0382080078125,
    "cka": 0.014977730810642242,
    "svcca": 0.10178624271903122,
    "procrustes": 4.21249532699585
  },
  "layer_3": {
    "loss": 0.8919969818815983,
    "metric": 0.8215900319770647,
    "mknn": 0.03887939453125,
    "cka": 0.022555746138095856,
    "svcca": 0.11121280275760581,
    "procrustes": 5.595888137817383
  },
  "layer_4": {
    "loss": 0.7432195738588692,
    "metric": 0.8414378652552652,
    "mknn": 0.04248046875,
    "cka": 0.032744958996772766,
    "svcca": 0.11790780843065887,
    "procrustes": 6.036580562591553
  },
  "layer_5": {
    "loss": 0.6673054166492962,
    "metric": 0.8536773624434888,
    "mknn": 0.047210693359375,
    "cka": 0.04613914713263512,
    "svcca": 0.1324629890913774,
    "procrustes": 8.65937328338623
  },
  "layer_6": {
    "loss": 0.5698884717834295,
    "metric": 0.8741867901642959,
    "mknn": 0.0653076171875,
    "cka": 0.07270599901676178,
    "svcca": 0.16380726273393478,
    "procrustes": 16.376863479614258
  },
  "layer_7": {
    "loss": 0.6252762246498144,
    "metric": 0.8878597419781674,
    "mknn": 0.319854736328125,
    "cka": 0.4551337957382202,
    "svcca": 0.4751225570720178,
    "procrustes": 15.167135238647461
  },
  "layer_8": {
    "loss": 0.6018193494181673,
    "metric": 0.8974528613959643,
    "mknn": 0.269012451171875,
    "cka": 0.2751244306564331,
    "svcca": 0.46011481463300347,
    "procrustes": 18.696121215820312
  },
  "layer_9": {
    "loss": 1.180351608533728,
    "metric": 0.8994376447237843,
    "mknn": 0.392608642578125,
    "cka": 0.5539027452468872,
    "svcca": 0.5701488690747266,
    "procrustes": 19.29367446899414
  },
  "layer_10": {
    "loss": 1.962778462440885,
    "metric": 0.9014224280516043,
    "mknn": 0.373687744140625,
    "cka": 0.5146797299385071,
    "svcca": 0.5657654255990011,
    "procrustes": 19.7042179107666
  },
  "layer_11": {
    "loss": 3.2372819984355354,
    "metric": 0.90329694563899,
    "mknn": 0.35858154296875,
    "cka": 0.46951162815093994,
    "svcca": 0.4362071754161449,
    "procrustes": 21.155826568603516
  },
  "layer_12": {
    "loss": 4.91581404881248,
    "metric": 0.9055022604476789,
    "mknn": 0.337188720703125,
    "cka": 0.36922532320022583,
    "svcca": 0.402101661595311,
    "procrustes": 25.794248580932617
  }
}