{
  "layer_1": {
    "loss": 0.25765689390320934,
    "metric": 0.06108765441487874,
    "mknn": 0.0311279296875,
    "cka": 0.009802569635212421,
    "svcca": 0.09718925485626231,
    "procrustes": 2.191541910171509
  },
  "layer_2": {
    "loss": 0.20699108120757864,
    "metric": 0.3102556751347483,
    "mknn": 0.035308837890625,
    "cka": 0.0225248821079731,
    "svcca": 0.13233029140103494,
    "procrustes": 4.31343412399292
  },
  "layer_3": {
    "loss": 0.19353887164098327,
    "metric": 0.43388501548966546,
    "mknn": 0.03564453125,
    "cka": 0.039370205253362656,
    "svcca": 0.14955668406303155,
    "procrustes": 5.505568027496338
  },
  "layer_4": {
    "loss": 0.19051186009074136,
    "metric": 0.46744099071529666,
    "mknn": 0.039459228515625,
    "cka": 0.04668661206960678,
    "svcca": 0.15197722694023083,
    "procrustes": 6.37602424621582
  },
  "layer_5": {
    "loss": 0.19254218069364398,
    "metric": 0.5125707201177032,
    "mknn": 0.037994384765625,
    "cka": 0.047149527817964554,
    "svcca": 0.15572994187360772,
    "procrustes": 11.109452247619629
  },
  "layer_6": {
    "loss": 0.19446775221055554,
    "metric": 0.524588812339386,
    "mknn": 0.041015625,
    "cka": 0.06253982335329056,
    "svcca": 0.1619748542659245,
    "procrustes": 17.007415771484375
  },
  "layer_7": {
    "loss": 0.20444101967295195,
    "metric": 0.5347948097615849,
    "mknn": 0.1824951171875,
    "cka": 0.44892799854278564,
    "svcca": 0.4893336795050022,
    "procrustes": 18.948589324951172
  },
  "layer_8": {
    "loss": 0.20197118025633595,
    "metric": 0.5317639940957517,
    "mknn": 0.166015625,
    "cka": 0.39481016993522644,
    "svcca": 0.5005233908120867,
    "procrustes": 19.176408767700195
  },
  "layer_9": {
    "loss": 0.21203749465502902,
    "metric": 0.5246909229747881,
    "mknn": 0.47894287109375,
    "cka": 0.8033360838890076,
    "svcca": 0.7465631223047555,
    "procrustes": 13.776558876037598
  },
  "layer_10": {
    "loss": 0.23040596141655872,
    "metric": 0.5434342211557878,
    "mknn": 0.415985107421875,
    "cka": 0.7061622738838196,
    "svcca": 0.6843275480394385,
    "procrustes": 16.015098571777344
  },
  "layer_11": {
    "loss": 0.24424779930147708,
    "metric": 0.5464279521067796,
    "mknn": 0.371673583984375,
    "cka": 0.6397843956947327,
    "svcca": 0.6300714085738378,
    "procrustes": 19.048063278198242
  },
  "layer_12": {
    "loss": 0.28807571111461533,
    "metric": 0.5387897513009766,
    "mknn": 0.3243408203125,
    "cka": 0.4468737542629242,
    "svcca": 0.5753199706072613,
    "procrustes": 27.171733856201172
  }
}