{
  "layer_1": {
    "loss": 0.677403067111969,
    "metric": 0.5663352272727272,
    "mknn": 0.038848876953125,
    "cka": 0.005013445392251015,
    "svcca": 0.11604978450533994,
    "procrustes": 3.5388641357421875
  },
  "layer_2": {
    "loss": 0.6753208379745483,
    "metric": 0.5956864002932551,
    "mknn": 0.046051025390625,
    "cka": 0.0188993439078331,
    "svcca": 0.11003880520578727,
    "procrustes": 4.268400192260742
  },
  "layer_3": {
    "loss": 0.7122369935512542,
    "metric": 0.6104815799120235,
    "mknn": 0.0447998046875,
    "cka": 0.02113577350974083,
    "svcca": 0.12397383936040995,
    "procrustes": 5.277388572692871
  },
  "layer_4": {
    "loss": 0.6963269288539886,
    "metric": 0.622983870967742,
    "mknn": 0.046356201171875,
    "cka": 0.032077983021736145,
    "svcca": 0.13982106389299312,
    "procrustes": 6.068899631500244
  },
  "layer_5": {
    "loss": 0.7269541833400727,
    "metric": 0.6486487353372434,
    "mknn": 0.047454833984375,
    "cka": 0.04194748401641846,
    "svcca": 0.14790740415650397,
    "procrustes": 9.035054206848145
  },
  "layer_6": {
    "loss": 0.8496323225498199,
    "metric": 0.655414681085044,
    "mknn": 0.0478515625,
    "cka": 0.04857923835515976,
    "svcca": 0.15108468139624154,
    "procrustes": 15.436919212341309
  },
  "layer_7": {
    "loss": 0.9985584371089935,
    "metric": 0.7219024926686217,
    "mknn": 0.1768798828125,
    "cka": 0.39731302857398987,
    "svcca": 0.4358992220789693,
    "procrustes": 17.686574935913086
  },
  "layer_8": {
    "loss": 0.9672567129135132,
    "metric": 0.7243085593841643,
    "mknn": 0.136199951171875,
    "cka": 0.17774757742881775,
    "svcca": 0.371888501391619,
    "procrustes": 19.345516204833984
  },
  "layer_9": {
    "loss": 1.5046997570991516,
    "metric": 0.7418021444281525,
    "mknn": 0.16253662109375,
    "cka": 0.21005865931510925,
    "svcca": 0.4667338148124087,
    "procrustes": 22.634489059448242
  },
  "layer_10": {
    "loss": 1.517229768037796,
    "metric": 0.7490863269794721,
    "mknn": 0.144439697265625,
    "cka": 0.16626182198524475,
    "svcca": 0.45061063790509326,
    "procrustes": 24.06293296813965
  },
  "layer_11": {
    "loss": 1.6595288836956024,
    "metric": 0.7469061583577712,
    "mknn": 0.13861083984375,
    "cka": 0.1868187040090561,
    "svcca": 0.42055305338840504,
    "procrustes": 24.160123825073242
  },
  "layer_12": {
    "loss": 2.273914536476135,
    "metric": 0.7380056359970675,
    "mknn": 0.118682861328125,
    "cka": 0.17095904052257538,
    "svcca": 0.37931290027787906,
    "procrustes": 25.39855194091797
  }
}