{
  "layer_1": {
    "loss": 0.6773545289039612,
    "metric": 0.5662105938416422,
    "mknn": 0.0384521484375,
    "cka": 0.004848387558013201,
    "svcca": 0.1230184613376892,
    "procrustes": 3.556790351867676
  },
  "layer_2": {
    "loss": 0.6752517256736755,
    "metric": 0.5945257514662756,
    "mknn": 0.04608154296875,
    "cka": 0.02236049808561802,
    "svcca": 0.11688222255142829,
    "procrustes": 4.193413734436035
  },
  "layer_3": {
    "loss": 0.7115441007614136,
    "metric": 0.6095468291788856,
    "mknn": 0.046142578125,
    "cka": 0.02367139793932438,
    "svcca": 0.13302211748498516,
    "procrustes": 5.371706008911133
  },
  "layer_4": {
    "loss": 0.7016146109104157,
    "metric": 0.6191426869501466,
    "mknn": 0.044403076171875,
    "cka": 0.03168686106801033,
    "svcca": 0.15025253613532563,
    "procrustes": 6.085521221160889
  },
  "layer_5": {
    "loss": 0.733337887763977,
    "metric": 0.6423565799120234,
    "mknn": 0.046661376953125,
    "cka": 0.04160425439476967,
    "svcca": 0.14042520497957284,
    "procrustes": 8.701224327087402
  },
  "layer_6": {
    "loss": 0.8561502089500427,
    "metric": 0.6559173387096775,
    "mknn": 0.04644775390625,
    "cka": 0.04755162447690964,
    "svcca": 0.1565504624194002,
    "procrustes": 15.001667976379395
  },
  "layer_7": {
    "loss": 1.0016429238319398,
    "metric": 0.7213228555718475,
    "mknn": 0.191436767578125,
    "cka": 0.4109494984149933,
    "svcca": 0.46745931091285814,
    "procrustes": 17.928098678588867
  },
  "layer_8": {
    "loss": 0.9923870980739593,
    "metric": 0.7234597232404693,
    "mknn": 0.13116455078125,
    "cka": 0.12319355458021164,
    "svcca": 0.39944941855738125,
    "procrustes": 20.117753982543945
  },
  "layer_9": {
    "loss": 1.5442178292274475,
    "metric": 0.7406886913489735,
    "mknn": 0.165924072265625,
    "cka": 0.1823103427886963,
    "svcca": 0.47744506798192,
    "procrustes": 23.0445499420166
  },
  "layer_10": {
    "loss": 1.5792300062179565,
    "metric": 0.7449835043988271,
    "mknn": 0.151824951171875,
    "cka": 0.16466301679611206,
    "svcca": 0.43984508676116124,
    "procrustes": 24.40617561340332
  },
  "layer_11": {
    "loss": 1.7052996683120727,
    "metric": 0.7418507148093842,
    "mknn": 0.1456298828125,
    "cka": 0.1896400898694992,
    "svcca": 0.45467574459758736,
    "procrustes": 24.559083938598633
  },
  "layer_12": {
    "loss": 2.246401393175125,
    "metric": 0.731337289222874,
    "mknn": 0.12554931640625,
    "cka": 0.1741248220205307,
    "svcca": 0.38820988288072794,
    "procrustes": 25.112384796142578
  }
}