{
  "layer_1": {
    "loss": 0.6781923637390137,
    "metric": 0.5646916239002933,
    "mknn": 0.037353515625,
    "cka": 0.00493242172524333,
    "svcca": 0.11779084425013864,
    "procrustes": 3.6468563079833984
  },
  "layer_2": {
    "loss": 0.6747802882194519,
    "metric": 0.5977446847507332,
    "mknn": 0.04498291015625,
    "cka": 0.016775522381067276,
    "svcca": 0.11778854246746477,
    "procrustes": 4.362258434295654
  },
  "layer_3": {
    "loss": 0.7091212468147278,
    "metric": 0.6117237903225807,
    "mknn": 0.044036865234375,
    "cka": 0.018747184425592422,
    "svcca": 0.13879033976344723,
    "procrustes": 5.393296241760254
  },
  "layer_4": {
    "loss": 0.6987654693126678,
    "metric": 0.6221256414956011,
    "mknn": 0.0450439453125,
    "cka": 0.03185340017080307,
    "svcca": 0.14361834293995474,
    "procrustes": 6.196805000305176
  },
  "layer_5": {
    "loss": 0.7314768123626709,
    "metric": 0.6478395344574781,
    "mknn": 0.046966552734375,
    "cka": 0.04099588841199875,
    "svcca": 0.14580334569197664,
    "procrustes": 9.057177543640137
  },
  "layer_6": {
    "loss": 0.8538069865703583,
    "metric": 0.6575302419354839,
    "mknn": 0.046173095703125,
    "cka": 0.04655231162905693,
    "svcca": 0.1481642004127203,
    "procrustes": 15.413537979125977
  },
  "layer_7": {
    "loss": 1.0535414234399796,
    "metric": 0.7287554985337243,
    "mknn": 0.182373046875,
    "cka": 0.39981696009635925,
    "svcca": 0.44504494023394514,
    "procrustes": 18.411989212036133
  },
  "layer_8": {
    "loss": 1.0292855234146119,
    "metric": 0.7322919721407624,
    "mknn": 0.119171142578125,
    "cka": 0.12095189839601517,
    "svcca": 0.39060249896960236,
    "procrustes": 20.33053207397461
  },
  "layer_9": {
    "loss": 1.683214577436447,
    "metric": 0.7458971774193549,
    "mknn": 0.159393310546875,
    "cka": 0.1738271713256836,
    "svcca": 0.41452014647369284,
    "procrustes": 23.307174682617188
  },
  "layer_10": {
    "loss": 1.7504388370513917,
    "metric": 0.7481488269794722,
    "mknn": 0.145263671875,
    "cka": 0.15309014916419983,
    "svcca": 0.4374288486511137,
    "procrustes": 24.732206344604492
  },
  "layer_11": {
    "loss": 2.2240083327293396,
    "metric": 0.7460163123167156,
    "mknn": 0.139129638671875,
    "cka": 0.18702416121959686,
    "svcca": 0.44460513123703266,
    "procrustes": 24.801132202148438
  },
  "layer_12": {
    "loss": 2.423967766284943,
    "metric": 0.7411810392228739,
    "mknn": 0.119049072265625,
    "cka": 0.17306828498840332,
    "svcca": 0.3908126257256364,
    "procrustes": 25.80634117126465
  }
}