{
  "layer_1": {
    "loss": 0.2581587835528334,
    "metric": 0.06030473411813575,
    "mknn": 0.03057861328125,
    "cka": 0.010075293481349945,
    "svcca": 0.09403807884679496,
    "procrustes": 2.213075876235962
  },
  "layer_2": {
    "loss": 0.20748480000803549,
    "metric": 0.30627181921046037,
    "mknn": 0.033966064453125,
    "cka": 0.02343568578362465,
    "svcca": 0.12841632188606592,
    "procrustes": 4.286165714263916
  },
  "layer_3": {
    "loss": 0.1935581016238384,
    "metric": 0.4279993503659142,
    "mknn": 0.036285400390625,
    "cka": 0.04077906161546707,
    "svcca": 0.14538701585800257,
    "procrustes": 5.4585394859313965
  },
  "layer_4": {
    "loss": 0.1902865526450944,
    "metric": 0.46868922216913333,
    "mknn": 0.038299560546875,
    "cka": 0.0483984611928463,
    "svcca": 0.1617195027030372,
    "procrustes": 6.390949726104736
  },
  "layer_5": {
    "loss": 0.1924171334450146,
    "metric": 0.5100300778049646,
    "mknn": 0.038360595703125,
    "cka": 0.05147411301732063,
    "svcca": 0.1521453163832771,
    "procrustes": 11.161200523376465
  },
  "layer_6": {
    "loss": 0.19459546395161184,
    "metric": 0.5221867647041353,
    "mknn": 0.040679931640625,
    "cka": 0.06636588275432587,
    "svcca": 0.16604109394132988,
    "procrustes": 16.888439178466797
  },
  "layer_7": {
    "loss": 0.20390484633121622,
    "metric": 0.5351703660392381,
    "mknn": 0.185455322265625,
    "cka": 0.45577171444892883,
    "svcca": 0.5019156817810358,
    "procrustes": 18.919498443603516
  },
  "layer_8": {
    "loss": 0.2015485644409184,
    "metric": 0.526328435301459,
    "mknn": 0.1668701171875,
    "cka": 0.40534448623657227,
    "svcca": 0.522192173011516,
    "procrustes": 19.37773323059082
  },
  "layer_9": {
    "loss": 0.2108611882694306,
    "metric": 0.5295414749762941,
    "mknn": 0.476104736328125,
    "cka": 0.7998148798942566,
    "svcca": 0.7056220623136215,
    "procrustes": 14.020950317382812
  },
  "layer_10": {
    "loss": 0.225199495523756,
    "metric": 0.5411435566251089,
    "mknn": 0.4097900390625,
    "cka": 0.7063963413238525,
    "svcca": 0.6518207338501403,
    "procrustes": 16.180021286010742
  },
  "layer_11": {
    "loss": 0.23871157726933878,
    "metric": 0.5463617659132282,
    "mknn": 0.371368408203125,
    "cka": 0.6369041204452515,
    "svcca": 0.6619352178166544,
    "procrustes": 19.152101516723633
  },
  "layer_12": {
    "loss": 0.28313470065319046,
    "metric": 0.5399592826744352,
    "mknn": 0.32171630859375,
    "cka": 0.45928576588630676,
    "svcca": 0.550268305754037,
    "procrustes": 27.020992279052734
  }
}