{
  "layer_1": {
    "loss": 1.7308378632737216,
    "metric": 0.6952254934391885,
    "mknn": 0.03167724609375,
    "cka": 0.0044671930372715,
    "svcca": 0.09894341897922168,
    "procrustes": 3.6146132946014404
  },
  "layer_2": {
    "loss": 1.1244525296820536,
    "metric": 0.7848715404123938,
    "mknn": 0.037567138671875,
    "cka": 0.01488464791327715,
    "svcca": 0.10608517524156924,
    "procrustes": 4.384671211242676
  },
  "layer_3": {
    "loss": 0.8851381679454808,
    "metric": 0.8230234866027125,
    "mknn": 0.0396728515625,
    "cka": 0.021647406741976738,
    "svcca": 0.11738667157045499,
    "procrustes": 5.622558116912842
  },
  "layer_4": {
    "loss": 0.7517318893913869,
    "metric": 0.8381298930422317,
    "mknn": 0.041961669921875,
    "cka": 0.030925879254937172,
    "svcca": 0.12100304356195649,
    "procrustes": 5.960226058959961
  },
  "layer_5": {
    "loss": 0.6724705381180953,
    "metric": 0.8525747050391443,
    "mknn": 0.047760009765625,
    "cka": 0.04708224907517433,
    "svcca": 0.13473611958260173,
    "procrustes": 8.42919921875
  },
  "layer_6": {
    "loss": 0.5550032695921671,
    "metric": 0.8790384827434117,
    "mknn": 0.0657958984375,
    "cka": 0.07332737743854523,
    "svcca": 0.17086153256093,
    "procrustes": 15.73286247253418
  },
  "layer_7": {
    "loss": 0.6254689309055927,
    "metric": 0.8892931966038152,
    "mknn": 0.31256103515625,
    "cka": 0.43994855880737305,
    "svcca": 0.4667602010854067,
    "procrustes": 14.970091819763184
  },
  "layer_8": {
    "loss": 0.5856806412551715,
    "metric": 0.9004300363876944,
    "mknn": 0.26715087890625,
    "cka": 0.2965480387210846,
    "svcca": 0.4311657909312993,
    "procrustes": 18.134597778320312
  },
  "layer_9": {
    "loss": 1.1375304623753628,
    "metric": 0.9024148197155144,
    "mknn": 0.391204833984375,
    "cka": 0.5365315675735474,
    "svcca": 0.5465487428525388,
    "procrustes": 18.950597763061523
  },
  "layer_10": {
    "loss": 1.8543560507495567,
    "metric": 0.9027456169368178,
    "mknn": 0.376251220703125,
    "cka": 0.5065051913261414,
    "svcca": 0.5361755234829197,
    "procrustes": 19.65152359008789
  },
  "layer_11": {
    "loss": 3.243440148465011,
    "metric": 0.9088102326607124,
    "mknn": 0.360687255859375,
    "cka": 0.462747722864151,
    "svcca": 0.43432852670428945,
    "procrustes": 21.175708770751953
  },
  "layer_12": {
    "loss": 4.921017974149274,
    "metric": 0.9056125261881134,
    "mknn": 0.3397216796875,
    "cka": 0.3598521053791046,
    "svcca": 0.3876311910199005,
    "procrustes": 25.871274948120117
  }
}