{
  "layer_1": {
    "loss": 0.6733316394488016,
    "loss_std": 0.00046451311763005197,
    "metric": 0.5797182765151515,
    "metric_std": 0.0020722064752924352,
    "cka": 0.009597459187110266,
    "cka_std": 0.0012636650808486123,
    "mknn": 0.040415445963541664,
    "mknn_std": 0.0012018227127752823,
    "svcca": 0.1252294902890895,
    "svcca_std": 0.005733051486629299,
    "procrustes": 3.7024099032084146,
    "procrustes_std": 0.014472030057964977
  },
  "layer_2": {
    "loss": 0.6743579166730246,
    "loss_std": 0.0005327410870595725,
    "metric": 0.5844778684017595,
    "metric_std": 0.0011733281244055607,
    "cka": 0.0526308702925841,
    "cka_std": 0.002581279838004016,
    "mknn": 0.045817057291666664,
    "mknn_std": 0.00013723487918326863,
    "svcca": 0.12855950749296208,
    "svcca_std": 0.001554768710138982,
    "procrustes": 4.055044174194336,
    "procrustes_std": 0.024220579982100268
  },
  "layer_3": {
    "loss": 0.7048785262902578,
    "loss_std": 0.004263074363932067,
    "metric": 0.6220751619012708,
    "metric_std": 0.00287224186975883,
    "cka": 0.04795920103788376,
    "cka_std": 0.0024392452661983264,
    "mknn": 0.047261555989583336,
    "mknn_std": 0.0006987274072702799,
    "svcca": 0.13868835087967776,
    "svcca_std": 0.0029319955073282816,
    "procrustes": 5.713418006896973,
    "procrustes_std": 0.21167011988712026
  },
  "layer_4": {
    "loss": 0.6918179332415263,
    "loss_std": 0.004510080084071484,
    "metric": 0.6259022177419356,
    "metric_std": 0.003563640089176561,
    "cka": 0.03976266955335935,
    "cka_std": 0.000987693290690598,
    "mknn": 0.04339599609375,
    "mknn_std": 0.0009717824296930334,
    "svcca": 0.1206096044747238,
    "svcca_std": 0.004405020782284809,
    "procrustes": 6.379433790842692,
    "procrustes_std": 0.1899999216071458
  },
  "layer_5": {
    "loss": 0.7332335500717163,
    "loss_std": 0.009753257181918759,
    "metric": 0.6422757820136852,
    "metric_std": 0.0013744045270748088,
    "cka": 0.03582999731103579,
    "cka_std": 0.002314499757633194,
    "mknn": 0.041239420572916664,
    "mknn_std": 0.00031155177472154855,
    "svcca": 0.12693851315948787,
    "svcca_std": 0.004014859241593689,
    "procrustes": 7.961699326833089,
    "procrustes_std": 0.39489242775616373
  },
  "layer_6": {
    "loss": 0.8506554321448009,
    "loss_std": 0.021091673595960907,
    "metric": 0.6454967772482894,
    "metric_std": 0.0009552770189461347,
    "cka": 0.0342373363673687,
    "cka_std": 0.0017342700373049942,
    "mknn": 0.04364013671875,
    "mknn_std": 0.0007016831201570855,
    "svcca": 0.12407019339037194,
    "svcca_std": 0.0020276566053975273,
    "procrustes": 11.513809204101562,
    "procrustes_std": 0.38694082561933646
  },
  "layer_7": {
    "loss": 0.7800219823519389,
    "loss_std": 0.020042803380762465,
    "metric": 0.6725018328445748,
    "metric_std": 0.0012222219608782796,
    "cka": 0.3007138669490814,
    "cka_std": 0.01374774790226686,
    "mknn": 0.1826171875,
    "mknn_std": 0.0027790551758516704,
    "svcca": 0.5238843854455931,
    "svcca_std": 0.004247549958808106,
    "procrustes": 19.152499516805012,
    "procrustes_std": 0.4517098187793716
  },
  "layer_8": {
    "loss": 1.0372092635631562,
    "loss_std": 0.0627458567029012,
    "metric": 0.7128725256598241,
    "metric_std": 0.0014198238970702577,
    "cka": 0.323937068382899,
    "cka_std": 0.025071468461958644,
    "mknn": 0.19373575846354166,
    "mknn_std": 0.001819034256775481,
    "svcca": 0.5531536675705356,
    "svcca_std": 0.029255799481363132,
    "procrustes": 25.9368839263916,
    "procrustes_std": 0.5080150388060638
  },
  "layer_9": {
    "loss": 1.4399712177117667,
    "loss_std": 0.14219298457618104,
    "metric": 0.7196386241446726,
    "metric_std": 0.0012162000653718839,
    "cka": 0.30117761095364887,
    "cka_std": 0.00198484435217741,
    "mknn": 0.16051228841145834,
    "mknn_std": 0.002647867689722706,
    "svcca": 0.49969449286593176,
    "svcca_std": 0.009369839655709875,
    "procrustes": 29.60418701171875,
    "procrustes_std": 0.4039481817411271
  },
  "layer_10": {
    "loss": 1.6148716868559518,
    "loss_std": 0.24186981324869447,
    "metric": 0.7238535557184752,
    "metric_std": 0.0026559281050178127,
    "cka": 0.31500611702601117,
    "cka_std": 0.006400775431590558,
    "mknn": 0.14354451497395834,
    "mknn_std": 0.0007628716332703725,
    "svcca": 0.4381019476750403,
    "svcca_std": 0.013039018726267004,
    "procrustes": 28.907784779866535,
    "procrustes_std": 0.5005078739704526
  },
  "layer_11": {
    "loss": 1.7723743849595388,
    "loss_std": 0.345485210406159,
    "metric": 0.7288433987047899,
    "metric_std": 0.0025292137548926395,
    "cka": 0.2825807233651479,
    "cka_std": 0.005561920267971494,
    "mknn": 0.13187662760416666,
    "mknn_std": 0.0006216071011333085,
    "svcca": 0.4364942893525406,
    "svcca_std": 0.023828158487755494,
    "procrustes": 29.145939509073894,
    "procrustes_std": 0.29446240458538153
  },
  "layer_12": {
    "loss": 1.9351246346632636,
    "loss_std": 0.32343822356896273,
    "metric": 0.7186235337243403,
    "metric_std": 0.003018307258370035,
    "cka": 0.28045745690663654,
    "cka_std": 0.010557048504181222,
    "mknn": 0.12158203125,
    "mknn_std": 0.0010792470060119502,
    "svcca": 0.4247896927915609,
    "svcca_std": 0.00895661366336029,
    "procrustes": 25.894603093465168,
    "procrustes_std": 0.33013672301383984
  }
}