{
  "layer_1": {
    "loss": 0.24834467951328523,
    "loss_std": 0.0006678240671588388,
    "metric": 0.07723531015608844,
    "metric_std": 0.0007992516875668054,
    "cka": 0.010543203291793665,
    "cka_std": 0.0001774710136332092,
    "mknn": 0.031778971354166664,
    "mknn_std": 0.0002866414958415806,
    "svcca": 0.10871908572293176,
    "svcca_std": 0.003114269948143303,
    "procrustes": 2.41144069035848,
    "procrustes_std": 0.016167024147073168
  },
  "layer_2": {
    "loss": 0.21598423102987896,
    "loss_std": 0.0009526641466417479,
    "metric": 0.2240751707294529,
    "metric_std": 0.006736637572989337,
    "cka": 0.021591782569885254,
    "cka_std": 0.001160903023786761,
    "mknn": 0.033091227213541664,
    "mknn_std": 0.00033646312273236546,
    "svcca": 0.12386211683275206,
    "svcca_std": 0.004215421491983795,
    "procrustes": 3.6900076071421304,
    "procrustes_std": 0.007420317976011518
  },
  "layer_3": {
    "loss": 0.19935327491361057,
    "loss_std": 0.0006828039584057423,
    "metric": 0.3804680636923286,
    "metric_std": 0.00361817445691967,
    "cka": 0.03973094870646795,
    "cka_std": 0.0002687133882249225,
    "mknn": 0.035166422526041664,
    "mknn_std": 9.43361256459117e-05,
    "svcca": 0.1464964435050116,
    "svcca_std": 0.002490616377998665,
    "procrustes": 5.357901414235433,
    "procrustes_std": 0.03616409374374466
  },
  "layer_4": {
    "loss": 0.19360043401450788,
    "loss_std": 0.0002679691533276021,
    "metric": 0.45126185971572186,
    "metric_std": 0.0013466328690422997,
    "cka": 0.05696850145856539,
    "cka_std": 0.0033959628342433543,
    "mknn": 0.039621988932291664,
    "mknn_std": 0.00020294125715393068,
    "svcca": 0.15466240297235234,
    "svcca_std": 0.002359653071609495,
    "procrustes": 6.199215888977051,
    "procrustes_std": 0.018551853787783113
  },
  "layer_5": {
    "loss": 0.19552336349373775,
    "loss_std": 0.0001071383087991972,
    "metric": 0.4842727702718026,
    "metric_std": 0.000661515561799655,
    "cka": 0.05607695008317629,
    "cka_std": 0.002483053049673206,
    "mknn": 0.03997802734375,
    "mknn_std": 0.0005184995498606225,
    "svcca": 0.15785688579116866,
    "svcca_std": 0.005279945153763774,
    "procrustes": 8.228348731994629,
    "procrustes_std": 0.10540856429279882
  },
  "layer_6": {
    "loss": 0.20103124093075506,
    "loss_std": 0.00047117544899352904,
    "metric": 0.49826257786227884,
    "metric_std": 0.002667941305101569,
    "cka": 0.05549313003818194,
    "cka_std": 0.0059022938042349775,
    "mknn": 0.039805094401041664,
    "mknn_std": 0.0012015643766465983,
    "svcca": 0.15645680419915364,
    "svcca_std": 0.0032169548102500443,
    "procrustes": 11.557266235351562,
    "procrustes_std": 0.016735101324022592
  },
  "layer_7": {
    "loss": 0.199739274593176,
    "loss_std": 0.0004967550940619713,
    "metric": 0.5196804822583075,
    "metric_std": 0.0029672263947945624,
    "cka": 0.654864509900411,
    "cka_std": 0.028220333113732586,
    "mknn": 0.3220113118489583,
    "mknn_std": 0.009431111228713464,
    "svcca": 0.6174509971666439,
    "svcca_std": 0.013562484066563775,
    "procrustes": 14.133414586385092,
    "procrustes_std": 0.23490898211193603
  },
  "layer_8": {
    "loss": 0.19976397885292907,
    "loss_std": 0.0005756274685619916,
    "metric": 0.5298511736806005,
    "metric_std": 0.0015874397901192857,
    "cka": 0.7126458883285522,
    "cka_std": 0.029143489758876217,
    "mknn": 0.4138895670572917,
    "mknn_std": 0.019005001289659568,
    "svcca": 0.7260815661024465,
    "svcca_std": 0.012705169485914727,
    "procrustes": 18.095000584920246,
    "procrustes_std": 0.4523527963022385
  },
  "layer_9": {
    "loss": 0.2104482268270809,
    "loss_std": 0.001014290595916365,
    "metric": 0.526856930815685,
    "metric_std": 0.0030352375448118437,
    "cka": 0.6884427070617676,
    "cka_std": 0.030915849777529925,
    "mknn": 0.4425862630208333,
    "mknn_std": 0.011780162886480377,
    "svcca": 0.7872029245314561,
    "svcca_std": 0.01469379470705799,
    "procrustes": 18.14932378133138,
    "procrustes_std": 1.0143742133841138
  },
  "layer_10": {
    "loss": 0.2063211508312716,
    "loss_std": 0.0018917819187793423,
    "metric": 0.5575489717220545,
    "metric_std": 0.0020152120018488377,
    "cka": 0.7674258351325989,
    "cka_std": 0.010972111904289514,
    "mknn": 0.5003458658854166,
    "mknn_std": 0.007404914237425917,
    "svcca": 0.8070477317658593,
    "svcca_std": 0.005206744387997914,
    "procrustes": 16.972068150838215,
    "procrustes_std": 0.8559418523323737
  },
  "layer_11": {
    "loss": 0.21589878216362948,
    "loss_std": 0.0016318463283582702,
    "metric": 0.5504420101262979,
    "metric_std": 0.0026500991856507347,
    "cka": 0.7219904263814291,
    "cka_std": 0.012532215475123003,
    "mknn": 0.4950358072916667,
    "mknn_std": 0.006218118281948997,
    "svcca": 0.8113202188740604,
    "svcca_std": 0.01348545684236028,
    "procrustes": 20.008811314900715,
    "procrustes_std": 0.7241007376375659
  },
  "layer_12": {
    "loss": 0.25061656603340726,
    "loss_std": 0.003484337763642143,
    "metric": 0.5393139370774921,
    "metric_std": 0.0033831952147106415,
    "cka": 0.5595933794975281,
    "cka_std": 0.001298957165468612,
    "mknn": 0.444183349609375,
    "mknn_std": 0.00849960663764148,
    "svcca": 0.703577986615608,
    "svcca_std": 0.012763709869024645,
    "procrustes": 27.133621215820312,
    "procrustes_std": 0.43066422294368983
  }
}