{
  "layer_1": {
    "loss": 1.5613796287848627,
    "loss_std": 0.01448681479934156,
    "metric": 0.7253280405777924,
    "metric_std": 0.0027720377307258815,
    "cka": 0.011294213434060415,
    "cka_std": 0.0004492442499761739,
    "mknn": 0.035868326822916664,
    "mknn_std": 0.0005749052388893551,
    "svcca": 0.1038702479987376,
    "svcca_std": 0.0051541549384812625,
    "procrustes": 3.771189053853353,
    "procrustes_std": 0.032776680412158955
  },
  "layer_2": {
    "loss": 1.1163083784926087,
    "loss_std": 0.008187034289831708,
    "metric": 0.7871136104678943,
    "metric_std": 0.002249589259837439,
    "cka": 0.022334971154729526,
    "cka_std": 0.00043495627244033647,
    "mknn": 0.036397298177083336,
    "mknn_std": 0.00033646312273236546,
    "svcca": 0.10676135398226083,
    "svcca_std": 0.005342284452606249,
    "procrustes": 4.084303061167399,
    "procrustes_std": 0.04017633798136737
  },
  "layer_3": {
    "loss": 0.9584650953926106,
    "loss_std": 0.011517618421883084,
    "metric": 0.8104531921931856,
    "metric_std": 0.0012475144447000636,
    "cka": 0.023157352581620216,
    "cka_std": 0.000776627123556119,
    "mknn": 0.039326985677083336,
    "mknn_std": 0.0006470558225011902,
    "svcca": 0.11328211492870206,
    "svcca_std": 0.00184299355300312,
    "procrustes": 5.479451020558675,
    "procrustes_std": 0.032371467423356615
  },
  "layer_4": {
    "loss": 0.7538653044079346,
    "loss_std": 0.00922267924280619,
    "metric": 0.8385709560039696,
    "metric_std": 9.003160005817968e-05,
    "cka": 0.03292890265583992,
    "cka_std": 0.003244397520948995,
    "mknn": 0.042409261067708336,
    "mknn_std": 0.0014702027803661837,
    "svcca": 0.11338716632004815,
    "svcca_std": 0.0041578160950679725,
    "procrustes": 6.592599709828694,
    "procrustes_std": 0.019956063214449975
  },
  "layer_5": {
    "loss": 0.6841583006162807,
    "loss_std": 0.01761551792704106,
    "metric": 0.8464733340684383,
    "metric_std": 0.004236590299090335,
    "cka": 0.03710749497016271,
    "cka_std": 0.002401693999634184,
    "mknn": 0.04632568359375,
    "mknn_std": 0.0007429426935428961,
    "svcca": 0.12149167308618142,
    "svcca_std": 0.008678560267409912,
    "procrustes": 8.642762502034506,
    "procrustes_std": 0.17539658708144537
  },
  "layer_6": {
    "loss": 0.6596067496616479,
    "loss_std": 0.013796196718375514,
    "metric": 0.8536038519498659,
    "metric_std": 0.0009917107776110487,
    "cka": 0.04026849071184794,
    "cka_std": 0.0024451283584607936,
    "mknn": 0.045939127604166664,
    "mknn_std": 0.0006265813637058306,
    "svcca": 0.12253204744244257,
    "svcca_std": 0.004764031866406922,
    "procrustes": 13.095196088155111,
    "procrustes_std": 0.6167167667700008
  },
  "layer_7": {
    "loss": 0.6368722269792813,
    "loss_std": 0.022040174094952583,
    "metric": 0.8643363840188186,
    "metric_std": 0.005120205088818685,
    "cka": 0.46998656789461773,
    "cka_std": 0.023208384022894945,
    "mknn": 0.18883260091145834,
    "mknn_std": 0.01243071860408346,
    "svcca": 0.5131116466225915,
    "svcca_std": 0.011279131716452914,
    "procrustes": 16.468697547912598,
    "procrustes_std": 1.0604205521145078
  },
  "layer_8": {
    "loss": 0.6942987003444077,
    "loss_std": 0.014624702387882568,
    "metric": 0.8916087771529386,
    "metric_std": 0.0002382012238911889,
    "cka": 0.5721794366836548,
    "cka_std": 0.013889986510905136,
    "mknn": 0.3039957682291667,
    "mknn_std": 0.012177299743961362,
    "svcca": 0.553754314885979,
    "svcca_std": 0.018279527513698424,
    "procrustes": 18.560893376668293,
    "procrustes_std": 0.29084185685584923
  },
  "layer_9": {
    "loss": 0.9279243238991121,
    "loss_std": 0.01187681848565374,
    "metric": 0.8906898959826516,
    "metric_std": 0.00143015227392537,
    "cka": 0.5517378846804301,
    "cka_std": 0.034636894268306066,
    "mknn": 0.36273193359375,
    "mknn_std": 0.018872451284888667,
    "svcca": 0.5748756829387788,
    "svcca_std": 0.01859998506415775,
    "procrustes": 20.16954167683919,
    "procrustes_std": 0.17444190487573022
  },
  "layer_10": {
    "loss": 1.2592963073278207,
    "loss_std": 0.027914117739672343,
    "metric": 0.8941081339361193,
    "metric_std": 0.0005857822417212218,
    "cka": 0.5601064761479696,
    "cka_std": 0.0076018163618245,
    "mknn": 0.3976033528645833,
    "mknn_std": 0.007480826130013973,
    "svcca": 0.5220181823217415,
    "svcca_std": 0.015778259719671256,
    "procrustes": 20.61244519551595,
    "procrustes_std": 0.27685191668955966
  },
  "layer_11": {
    "loss": 2.131223427666574,
    "loss_std": 0.08285318947199737,
    "metric": 0.8934097842467011,
    "metric_std": 0.0018281809998082913,
    "cka": 0.5030982792377472,
    "cka_std": 0.014477506768295024,
    "mknn": 0.3616943359375,
    "mknn_std": 0.006042634595966767,
    "svcca": 0.4434165226297011,
    "svcca_std": 0.006417150007475485,
    "procrustes": 21.061599095662434,
    "procrustes_std": 0.4301211926096995
  },
  "layer_12": {
    "loss": 3.214373422870233,
    "loss_std": 0.06004228766668009,
    "metric": 0.8884478259271512,
    "metric_std": 0.001531419609365223,
    "cka": 0.3586552639802297,
    "cka_std": 0.013998069988711254,
    "mknn": 0.3374125162760417,
    "mknn_std": 0.006119178173075667,
    "svcca": 0.3349494062153728,
    "svcca_std": 0.0133930305887462,
    "procrustes": 25.455162048339844,
    "procrustes_std": 0.3197344100635207
  }
}